fixed acidity,volatile acidity,citric acid,residual sugar,chlorides,free sulfur dioxide,total sulfur dioxide,density,pH,sulphates,alcohol,quality
0.0,1.0,0.0,0.0,0.0,0.0,0.0,2.0,2.0,0.0,0.0,1.0
1.0,2.0,0.0,0.0,0.0,1.0,0.0,1.0,1.0,0.0,0.0,1.0
1.0,1.0,0.0,0.0,0.0,0.0,0.0,2.0,1.0,0.0,0.0,1.0
2.0,0.0,2.0,0.0,0.0,0.0,0.0,2.0,1.0,0.0,0.0,1.0
0.0,1.0,0.0,0.0,0.0,0.0,0.0,2.0,2.0,0.0,0.0,2.0
0.0,1.0,0.0,0.0,0.0,0.0,0.0,2.0,2.0,0.0,0.0,1.0
1.0,1.0,0.0,0.0,0.0,0.0,0.0,1.0,1.0,0.0,0.0,1.0
0.0,1.0,0.0,0.0,0.0,0.0,0.0,1.0,2.0,0.0,0.0,2.0
1.0,1.0,0.0,0.0,0.0,0.0,0.0,1.0,1.0,0.0,0.0,2.0
1.0,1.0,1.0,1.0,0.0,0.0,1.0,2.0,1.0,1.0,1.0,1.0
0.0,1.0,0.0,0.0,0.0,0.0,0.0,1.0,1.0,0.0,0.0,1.0
1.0,1.0,1.0,1.0,0.0,0.0,1.0,2.0,1.0,1.0,1.0,1.0
0.0,1.0,0.0,0.0,0.0,0.0,0.0,1.0,2.0,0.0,0.0,1.0
1.0,1.0,1.0,0.0,0.0,0.0,0.0,2.0,1.0,2.0,0.0,1.0
1.0,1.0,0.0,0.0,1.0,2.0,1.0,2.0,1.0,1.0,0.0,1.0
1.0,1.0,0.0,0.0,1.0,2.0,2.0,2.0,1.0,1.0,0.0,1.0
1.0,0.0,2.0,0.0,0.0,1.0,1.0,2.0,1.0,1.0,1.0,2.0
1.0,1.0,1.0,0.0,2.0,0.0,0.0,1.0,1.0,2.0,0.0,1.0
0.0,1.0,0.0,0.0,0.0,0.0,0.0,2.0,2.0,0.0,0.0,0.0
1.0,0.0,2.0,0.0,2.0,0.0,0.0,2.0,0.0,1.0,0.0,1.0
1.0,0.0,1.0,0.0,0.0,1.0,0.0,1.0,2.0,0.0,0.0,1.0
1.0,0.0,1.0,0.0,0.0,1.0,0.0,2.0,2.0,0.0,0.0,1.0
1.0,0.0,0.0,0.0,0.0,0.0,0.0,1.0,1.0,1.0,0.0,1.0
1.0,1.0,0.0,0.0,0.0,0.0,0.0,1.0,1.0,0.0,0.0,1.0
0.0,0.0,0.0,0.0,0.0,1.0,0.0,1.0,2.0,0.0,0.0,1.0
0.0,0.0,0.0,0.0,0.0,0.0,0.0,1.0,1.0,0.0,0.0,1.0
1.0,0.0,0.0,0.0,0.0,0.0,0.0,1.0,1.0,0.0,0.0,1.0
1.0,0.0,0.0,0.0,0.0,0.0,0.0,1.0,1.0,1.0,0.0,1.0
0.0,1.0,0.0,0.0,0.0,0.0,0.0,2.0,2.0,0.0,0.0,1.0
1.0,1.0,0.0,0.0,0.0,0.0,0.0,1.0,2.0,0.0,0.0,1.0
0.0,1.0,0.0,0.0,0.0,0.0,1.0,1.0,1.0,0.0,1.0,1.0
0.0,1.0,0.0,0.0,0.0,1.0,0.0,1.0,2.0,0.0,1.0,1.0
1.0,1.0,0.0,0.0,0.0,0.0,1.0,1.0,1.0,0.0,0.0,1.0
0.0,1.0,0.0,2.0,0.0,2.0,1.0,2.0,2.0,0.0,0.0,1.0
0.0,0.0,1.0,0.0,0.0,0.0,0.0,1.0,2.0,0.0,0.0,1.0
1.0,1.0,0.0,1.0,0.0,0.0,0.0,2.0,2.0,0.0,0.0,1.0
1.0,1.0,0.0,0.0,0.0,0.0,0.0,2.0,2.0,0.0,1.0,1.0
1.0,0.0,1.0,0.0,0.0,0.0,0.0,1.0,1.0,0.0,0.0,2.0
0.0,2.0,0.0,0.0,1.0,0.0,0.0,1.0,2.0,0.0,0.0,0.0
0.0,0.0,1.0,1.0,0.0,0.0,1.0,2.0,1.0,1.0,1.0,1.0
0.0,0.0,1.0,1.0,0.0,0.0,1.0,2.0,1.0,1.0,1.0,1.0
1.0,1.0,1.0,0.0,0.0,0.0,0.0,2.0,1.0,0.0,0.0,0.0
1.0,1.0,0.0,0.0,2.0,0.0,0.0,1.0,1.0,1.0,1.0,1.0
1.0,1.0,0.0,0.0,0.0,0.0,0.0,1.0,1.0,2.0,1.0,1.0
0.0,1.0,0.0,0.0,0.0,0.0,0.0,1.0,2.0,0.0,0.0,1.0
0.0,1.0,0.0,0.0,0.0,0.0,0.0,0.0,3.0,0.0,2.0,0.0
1.0,2.0,1.0,0.0,0.0,1.0,1.0,2.0,1.0,0.0,0.0,1.0
1.0,0.0,2.0,0.0,0.0,0.0,0.0,2.0,1.0,0.0,0.0,1.0
0.0,0.0,0.0,0.0,0.0,0.0,0.0,1.0,1.0,0.0,0.0,1.0
0.0,0.0,1.0,0.0,0.0,0.0,1.0,1.0,1.0,0.0,0.0,1.0
1.0,1.0,1.0,0.0,0.0,0.0,0.0,2.0,1.0,0.0,0.0,1.0
0.0,1.0,0.0,0.0,0.0,0.0,0.0,1.0,2.0,0.0,0.0,1.0
0.0,1.0,0.0,0.0,0.0,0.0,0.0,1.0,2.0,0.0,0.0,1.0
1.0,0.0,1.0,0.0,0.0,1.0,1.0,2.0,1.0,0.0,0.0,1.0
1.0,1.0,0.0,0.0,0.0,1.0,0.0,1.0,1.0,0.0,1.0,1.0
1.0,1.0,0.0,0.0,0.0,1.0,0.0,2.0,1.0,0.0,0.0,1.0
1.0,0.0,2.0,0.0,0.0,0.0,0.0,2.0,0.0,0.0,0.0,1.0
1.0,1.0,0.0,1.0,0.0,2.0,1.0,2.0,1.0,1.0,0.0,1.0
1.0,1.0,0.0,0.0,0.0,0.0,0.0,2.0,2.0,0.0,0.0,1.0
0.0,0.0,1.0,0.0,0.0,0.0,0.0,1.0,2.0,0.0,0.0,1.0
1.0,0.0,1.0,0.0,0.0,1.0,0.0,2.0,2.0,0.0,0.0,1.0
1.0,1.0,1.0,0.0,0.0,1.0,1.0,1.0,1.0,0.0,0.0,1.0
1.0,1.0,0.0,0.0,0.0,0.0,0.0,1.0,2.0,0.0,0.0,2.0
0.0,1.0,0.0,0.0,0.0,0.0,0.0,1.0,2.0,0.0,0.0,1.0
0.0,1.0,0.0,1.0,0.0,0.0,0.0,1.0,2.0,0.0,1.0,1.0
0.0,1.0,0.0,1.0,0.0,0.0,0.0,1.0,2.0,0.0,1.0,1.0
1.0,1.0,0.0,0.0,0.0,0.0,0.0,1.0,2.0,0.0,0.0,1.0
0.0,1.0,0.0,0.0,0.0,0.0,0.0,1.0,2.0,0.0,1.0,1.0
1.0,0.0,2.0,0.0,0.0,1.0,0.0,2.0,1.0,1.0,1.0,1.0
1.0,1.0,0.0,0.0,0.0,0.0,0.0,1.0,1.0,1.0,1.0,1.0
1.0,1.0,0.0,0.0,0.0,0.0,0.0,1.0,1.0,0.0,0.0,1.0
1.0,1.0,0.0,0.0,0.0,0.0,1.0,1.0,1.0,0.0,0.0,1.0
1.0,1.0,0.0,0.0,0.0,0.0,1.0,1.0,1.0,0.0,0.0,1.0
1.0,1.0,1.0,0.0,0.0,0.0,0.0,2.0,1.0,0.0,0.0,0.0
1.0,0.0,2.0,0.0,0.0,1.0,1.0,2.0,1.0,1.0,0.0,1.0
1.0,0.0,2.0,0.0,0.0,0.0,0.0,2.0,2.0,0.0,1.0,1.0
1.0,0.0,2.0,0.0,0.0,0.0,0.0,2.0,2.0,0.0,1.0,1.0
0.0,1.0,0.0,0.0,0.0,0.0,0.0,1.0,2.0,0.0,1.0,1.0
0.0,1.0,0.0,0.0,0.0,0.0,1.0,1.0,2.0,0.0,1.0,1.0
1.0,1.0,0.0,0.0,0.0,1.0,1.0,2.0,1.0,1.0,0.0,0.0
0.0,0.0,0.0,0.0,0.0,0.0,0.0,1.0,2.0,0.0,0.0,1.0
1.0,0.0,2.0,0.0,3.0,1.0,0.0,2.0,1.0,2.0,0.0,1.0
0.0,1.0,1.0,0.0,0.0,1.0,0.0,2.0,1.0,0.0,0.0,1.0
0.0,1.0,1.0,0.0,2.0,0.0,0.0,2.0,1.0,1.0,0.0,1.0
0.0,0.0,1.0,0.0,0.0,0.0,0.0,1.0,2.0,1.0,1.0,1.0
0.0,1.0,0.0,0.0,0.0,1.0,0.0,1.0,2.0,0.0,1.0,1.0
1.0,1.0,1.0,0.0,0.0,1.0,1.0,2.0,0.0,3.0,0.0,1.0
1.0,1.0,1.0,0.0,0.0,0.0,0.0,1.0,2.0,0.0,0.0,1.0
1.0,0.0,1.0,0.0,0.0,1.0,1.0,2.0,1.0,2.0,0.0,1.0
0.0,1.0,0.0,0.0,0.0,0.0,0.0,2.0,2.0,0.0,0.0,1.0
1.0,1.0,1.0,0.0,0.0,2.0,1.0,1.0,1.0,0.0,0.0,1.0
1.0,1.0,1.0,0.0,0.0,1.0,1.0,2.0,0.0,3.0,0.0,1.0
1.0,1.0,1.0,0.0,0.0,1.0,1.0,2.0,0.0,3.0,0.0,1.0
1.0,1.0,1.0,0.0,0.0,0.0,0.0,1.0,2.0,0.0,0.0,1.0
0.0,2.0,0.0,0.0,0.0,2.0,1.0,1.0,3.0,0.0,1.0,0.0
0.0,1.0,0.0,0.0,0.0,0.0,1.0,0.0,3.0,0.0,2.0,1.0
0.0,1.0,0.0,0.0,0.0,0.0,0.0,1.0,2.0,0.0,1.0,1.0
0.0,1.0,1.0,0.0,0.0,0.0,0.0,1.0,1.0,0.0,0.0,1.0
1.0,2.0,0.0,0.0,0.0,0.0,0.0,1.0,2.0,0.0,0.0,1.0
1.0,1.0,0.0,0.0,0.0,0.0,0.0,2.0,1.0,0.0,0.0,1.0
1.0,1.0,1.0,0.0,0.0,0.0,0.0,2.0,2.0,0.0,1.0,1.0
1.0,1.0,1.0,0.0,0.0,0.0,0.0,1.0,1.0,0.0,1.0,1.0
1.0,1.0,0.0,0.0,0.0,0.0,0.0,2.0,1.0,0.0,0.0,1.0
1.0,1.0,0.0,0.0,0.0,0.0,0.0,1.0,1.0,0.0,0.0,1.0
0.0,1.0,0.0,0.0,0.0,0.0,0.0,1.0,1.0,0.0,0.0,1.0
1.0,1.0,0.0,0.0,0.0,0.0,0.0,1.0,1.0,0.0,0.0,1.0
1.0,0.0,2.0,0.0,3.0,0.0,0.0,2.0,1.0,2.0,0.0,1.0
0.0,1.0,1.0,0.0,0.0,0.0,0.0,2.0,2.0,1.0,0.0,1.0
1.0,0.0,2.0,0.0,0.0,0.0,1.0,2.0,1.0,1.0,0.0,1.0
1.0,1.0,2.0,0.0,0.0,2.0,2.0,2.0,1.0,0.0,0.0,1.0
1.0,1.0,0.0,0.0,0.0,0.0,0.0,1.0,1.0,1.0,0.0,1.0
1.0,1.0,0.0,0.0,0.0,0.0,1.0,1.0,1.0,0.0,0.0,1.0
1.0,1.0,0.0,0.0,0.0,0.0,1.0,1.0,1.0,0.0,0.0,1.0
1.0,0.0,1.0,0.0,0.0,1.0,0.0,2.0,1.0,0.0,0.0,1.0
1.0,1.0,0.0,0.0,0.0,0.0,0.0,1.0,1.0,1.0,0.0,1.0
1.0,0.0,1.0,0.0,0.0,0.0,0.0,1.0,1.0,0.0,1.0,1.0
1.0,1.0,1.0,0.0,0.0,0.0,0.0,2.0,2.0,0.0,0.0,1.0
1.0,1.0,0.0,0.0,0.0,0.0,0.0,2.0,1.0,0.0,0.0,1.0
1.0,1.0,0.0,0.0,0.0,0.0,0.0,1.0,1.0,0.0,1.0,1.0
0.0,1.0,0.0,0.0,0.0,1.0,1.0,1.0,1.0,0.0,0.0,1.0
0.0,2.0,0.0,0.0,1.0,0.0,1.0,1.0,1.0,0.0,0.0,1.0
1.0,1.0,0.0,0.0,0.0,0.0,0.0,1.0,1.0,0.0,1.0,1.0
0.0,1.0,0.0,0.0,0.0,0.0,0.0,2.0,2.0,0.0,0.0,1.0
1.0,1.0,0.0,0.0,0.0,0.0,0.0,2.0,2.0,0.0,0.0,1.0
1.0,1.0,0.0,0.0,0.0,1.0,1.0,1.0,2.0,0.0,0.0,1.0
1.0,1.0,0.0,0.0,0.0,1.0,1.0,2.0,1.0,0.0,0.0,1.0
1.0,3.0,0.0,0.0,0.0,0.0,0.0,1.0,2.0,0.0,1.0,1.0
1.0,3.0,0.0,0.0,0.0,0.0,0.0,1.0,2.0,0.0,1.0,1.0
1.0,1.0,0.0,0.0,0.0,0.0,0.0,1.0,2.0,1.0,1.0,2.0
0.0,0.0,0.0,0.0,0.0,0.0,0.0,1.0,2.0,0.0,0.0,1.0
1.0,1.0,2.0,0.0,0.0,1.0,1.0,1.0,1.0,0.0,0.0,1.0
0.0,1.0,0.0,0.0,0.0,0.0,1.0,1.0,2.0,0.0,2.0,1.0
0.0,1.0,0.0,0.0,0.0,0.0,1.0,1.0,2.0,0.0,2.0,1.0
0.0,1.0,0.0,0.0,0.0,0.0,0.0,1.0,2.0,0.0,0.0,1.0
1.0,2.0,0.0,0.0,0.0,0.0,0.0,1.0,1.0,0.0,0.0,1.0
1.0,1.0,0.0,0.0,0.0,0.0,0.0,1.0,1.0,1.0,0.0,1.0
1.0,1.0,0.0,0.0,0.0,0.0,0.0,1.0,1.0,1.0,0.0,1.0
0.0,0.0,1.0,0.0,0.0,0.0,0.0,2.0,2.0,0.0,0.0,1.0
1.0,1.0,0.0,0.0,0.0,0.0,1.0,1.0,1.0,0.0,0.0,1.0
1.0,1.0,0.0,0.0,0.0,0.0,1.0,1.0,1.0,0.0,0.0,1.0
1.0,1.0,0.0,0.0,0.0,0.0,0.0,1.0,1.0,1.0,0.0,1.0
1.0,1.0,0.0,0.0,0.0,0.0,0.0,1.0,1.0,1.0,0.0,1.0
0.0,0.0,0.0,0.0,0.0,1.0,0.0,0.0,2.0,1.0,3.0,1.0
0.0,0.0,0.0,0.0,0.0,0.0,0.0,1.0,1.0,0.0,0.0,1.0
0.0,0.0,0.0,0.0,0.0,1.0,0.0,0.0,2.0,1.0,3.0,1.0
1.0,1.0,2.0,0.0,0.0,1.0,1.0,1.0,1.0,0.0,0.0,1.0
0.0,1.0,0.0,0.0,0.0,1.0,1.0,1.0,2.0,0.0,0.0,1.0
1.0,1.0,1.0,0.0,1.0,0.0,1.0,1.0,1.0,1.0,0.0,1.0
0.0,1.0,0.0,0.0,0.0,0.0,0.0,1.0,2.0,0.0,1.0,1.0
1.0,0.0,1.0,0.0,0.0,0.0,0.0,2.0,2.0,0.0,1.0,1.0
0.0,0.0,1.0,0.0,0.0,0.0,0.0,1.0,1.0,0.0,1.0,1.0
1.0,1.0,3.0,0.0,3.0,1.0,0.0,2.0,0.0,3.0,0.0,0.0
1.0,1.0,0.0,0.0,0.0,1.0,1.0,1.0,1.0,0.0,1.0,1.0
1.0,1.0,0.0,0.0,0.0,1.0,1.0,1.0,1.0,0.0,1.0,1.0
0.0,0.0,1.0,1.0,0.0,1.0,1.0,2.0,2.0,0.0,1.0,1.0
0.0,0.0,1.0,1.0,0.0,1.0,1.0,2.0,2.0,0.0,1.0,1.0
0.0,0.0,1.0,1.0,0.0,1.0,1.0,2.0,2.0,0.0,1.0,1.0
0.0,0.0,1.0,1.0,0.0,1.0,1.0,2.0,2.0,0.0,1.0,1.0
0.0,1.0,0.0,0.0,0.0,0.0,0.0,2.0,2.0,0.0,0.0,1.0
0.0,1.0,0.0,0.0,0.0,0.0,1.0,1.0,2.0,0.0,0.0,1.0
1.0,2.0,0.0,0.0,0.0,0.0,0.0,1.0,1.0,0.0,0.0,1.0
1.0,1.0,0.0,0.0,0.0,0.0,0.0,1.0,1.0,1.0,0.0,0.0
1.0,1.0,0.0,0.0,0.0,0.0,0.0,1.0,1.0,0.0,0.0,1.0
0.0,1.0,1.0,1.0,0.0,1.0,1.0,2.0,1.0,0.0,0.0,1.0
0.0,1.0,1.0,1.0,0.0,1.0,1.0,2.0,1.0,0.0,0.0,1.0
1.0,1.0,1.0,0.0,0.0,0.0,1.0,1.0,1.0,0.0,0.0,1.0
0.0,1.0,0.0,0.0,0.0,0.0,1.0,1.0,1.0,0.0,1.0,1.0
0.0,1.0,0.0,0.0,0.0,0.0,0.0,1.0,1.0,0.0,0.0,0.0
0.0,1.0,0.0,0.0,0.0,0.0,0.0,1.0,2.0,0.0,1.0,1.0
1.0,1.0,0.0,0.0,2.0,0.0,0.0,1.0,0.0,3.0,0.0,1.0
1.0,2.0,0.0,0.0,0.0,0.0,0.0,2.0,1.0,0.0,0.0,0.0
1.0,0.0,0.0,0.0,0.0,0.0,0.0,2.0,1.0,0.0,0.0,1.0
1.0,0.0,0.0,0.0,0.0,0.0,0.0,2.0,1.0,0.0,0.0,1.0
0.0,1.0,0.0,0.0,0.0,1.0,0.0,1.0,2.0,0.0,1.0,1.0
0.0,0.0,0.0,0.0,0.0,0.0,0.0,1.0,1.0,0.0,0.0,1.0
0.0,1.0,0.0,0.0,0.0,1.0,0.0,1.0,1.0,1.0,0.0,1.0
0.0,0.0,0.0,0.0,0.0,0.0,0.0,1.0,1.0,0.0,0.0,1.0
1.0,1.0,1.0,0.0,0.0,0.0,0.0,2.0,2.0,0.0,1.0,1.0
0.0,1.0,0.0,0.0,0.0,0.0,0.0,2.0,2.0,0.0,0.0,1.0
1.0,1.0,0.0,0.0,0.0,0.0,0.0,2.0,1.0,0.0,0.0,1.0
1.0,1.0,0.0,0.0,0.0,0.0,0.0,2.0,1.0,0.0,0.0,1.0
1.0,1.0,1.0,0.0,1.0,1.0,1.0,2.0,1.0,1.0,0.0,1.0
0.0,1.0,0.0,0.0,0.0,0.0,0.0,2.0,2.0,0.0,0.0,1.0
0.0,1.0,0.0,0.0,0.0,0.0,0.0,2.0,2.0,0.0,0.0,1.0
0.0,1.0,0.0,0.0,0.0,0.0,0.0,2.0,2.0,0.0,0.0,1.0
1.0,0.0,2.0,0.0,0.0,1.0,1.0,2.0,1.0,0.0,0.0,1.0
0.0,0.0,1.0,0.0,0.0,0.0,0.0,2.0,1.0,0.0,0.0,1.0
1.0,1.0,0.0,0.0,0.0,0.0,0.0,2.0,2.0,0.0,0.0,1.0
1.0,1.0,1.0,0.0,0.0,0.0,1.0,1.0,1.0,0.0,0.0,1.0
1.0,1.0,1.0,0.0,0.0,0.0,1.0,1.0,1.0,0.0,0.0,1.0
1.0,1.0,1.0,0.0,0.0,1.0,1.0,2.0,1.0,0.0,0.0,1.0
0.0,0.0,1.0,0.0,0.0,1.0,0.0,2.0,2.0,0.0,0.0,1.0
0.0,1.0,0.0,0.0,0.0,0.0,1.0,2.0,1.0,0.0,0.0,1.0
1.0,1.0,0.0,0.0,0.0,0.0,0.0,1.0,1.0,0.0,0.0,1.0
1.0,1.0,0.0,0.0,0.0,0.0,0.0,1.0,1.0,0.0,0.0,1.0
1.0,1.0,1.0,0.0,0.0,1.0,1.0,1.0,1.0,0.0,0.0,1.0
0.0,1.0,1.0,0.0,0.0,0.0,0.0,1.0,2.0,0.0,1.0,1.0
2.0,0.0,2.0,0.0,0.0,0.0,0.0,2.0,1.0,1.0,1.0,1.0
0.0,1.0,0.0,0.0,0.0,0.0,1.0,0.0,2.0,1.0,2.0,2.0
0.0,2.0,0.0,0.0,0.0,0.0,0.0,1.0,2.0,0.0,1.0,0.0
1.0,0.0,1.0,0.0,0.0,0.0,0.0,2.0,1.0,1.0,1.0,2.0
1.0,0.0,1.0,0.0,0.0,2.0,1.0,2.0,0.0,1.0,0.0,1.0
0.0,1.0,0.0,0.0,0.0,0.0,0.0,1.0,1.0,1.0,0.0,1.0
0.0,0.0,1.0,0.0,0.0,0.0,0.0,1.0,1.0,0.0,0.0,1.0
0.0,0.0,1.0,0.0,0.0,0.0,0.0,1.0,1.0,0.0,0.0,1.0
2.0,0.0,2.0,0.0,0.0,0.0,0.0,2.0,1.0,1.0,1.0,2.0
2.0,0.0,2.0,0.0,0.0,0.0,0.0,2.0,1.0,1.0,1.0,2.0
1.0,1.0,1.0,0.0,0.0,1.0,1.0,1.0,1.0,0.0,0.0,1.0
1.0,0.0,1.0,0.0,0.0,0.0,1.0,1.0,1.0,0.0,0.0,1.0
2.0,0.0,2.0,0.0,0.0,0.0,0.0,2.0,1.0,1.0,1.0,2.0
1.0,1.0,2.0,0.0,0.0,0.0,0.0,1.0,1.0,1.0,2.0,1.0
1.0,1.0,0.0,0.0,0.0,0.0,0.0,1.0,1.0,0.0,0.0,1.0
2.0,0.0,2.0,0.0,0.0,0.0,0.0,2.0,1.0,0.0,1.0,1.0
1.0,1.0,1.0,0.0,0.0,1.0,0.0,1.0,1.0,0.0,1.0,1.0
1.0,1.0,0.0,0.0,0.0,0.0,0.0,2.0,1.0,0.0,0.0,1.0
0.0,1.0,1.0,1.0,0.0,1.0,1.0,2.0,1.0,1.0,1.0,1.0
1.0,1.0,0.0,0.0,0.0,0.0,0.0,1.0,1.0,0.0,1.0,1.0
1.0,1.0,0.0,0.0,0.0,0.0,0.0,1.0,1.0,0.0,0.0,1.0
1.0,1.0,0.0,0.0,0.0,0.0,0.0,1.0,2.0,0.0,0.0,1.0
1.0,1.0,1.0,0.0,0.0,1.0,1.0,1.0,1.0,0.0,0.0,1.0
1.0,0.0,1.0,0.0,0.0,1.0,0.0,1.0,1.0,0.0,0.0,1.0
0.0,1.0,1.0,0.0,0.0,0.0,0.0,1.0,1.0,0.0,0.0,1.0
0.0,1.0,0.0,0.0,0.0,0.0,0.0,1.0,2.0,0.0,0.0,1.0
1.0,1.0,1.0,0.0,0.0,0.0,0.0,2.0,1.0,0.0,0.0,1.0
1.0,1.0,1.0,0.0,0.0,0.0,0.0,2.0,1.0,0.0,1.0,0.0
1.0,0.0,1.0,0.0,0.0,1.0,0.0,1.0,1.0,0.0,1.0,1.0
1.0,1.0,1.0,0.0,2.0,1.0,1.0,1.0,0.0,3.0,0.0,1.0
1.0,1.0,0.0,0.0,0.0,0.0,0.0,2.0,2.0,0.0,0.0,1.0
1.0,0.0,1.0,0.0,0.0,1.0,0.0,1.0,1.0,0.0,1.0,1.0
0.0,1.0,1.0,0.0,0.0,0.0,0.0,1.0,2.0,0.0,1.0,1.0
0.0,0.0,0.0,0.0,0.0,1.0,1.0,0.0,2.0,0.0,2.0,2.0
1.0,0.0,0.0,0.0,0.0,0.0,0.0,1.0,1.0,0.0,0.0,1.0
1.0,0.0,0.0,0.0,0.0,0.0,0.0,2.0,1.0,0.0,0.0,1.0
0.0,1.0,1.0,0.0,0.0,0.0,0.0,1.0,2.0,0.0,1.0,1.0
1.0,2.0,0.0,0.0,0.0,0.0,0.0,1.0,1.0,0.0,0.0,1.0
0.0,1.0,0.0,0.0,0.0,0.0,0.0,1.0,1.0,0.0,0.0,1.0
0.0,1.0,0.0,0.0,0.0,0.0,0.0,1.0,1.0,0.0,0.0,1.0
0.0,1.0,0.0,0.0,0.0,0.0,0.0,1.0,1.0,0.0,0.0,1.0
0.0,1.0,0.0,0.0,0.0,0.0,0.0,1.0,1.0,0.0,0.0,1.0
1.0,2.0,0.0,0.0,0.0,0.0,0.0,1.0,1.0,0.0,0.0,1.0
1.0,1.0,1.0,0.0,1.0,0.0,0.0,2.0,0.0,1.0,0.0,1.0
2.0,0.0,2.0,0.0,0.0,0.0,0.0,2.0,1.0,0.0,1.0,1.0
1.0,1.0,0.0,0.0,0.0,1.0,1.0,1.0,1.0,0.0,0.0,1.0
3.0,0.0,1.0,0.0,0.0,0.0,0.0,2.0,1.0,1.0,0.0,2.0
3.0,0.0,1.0,0.0,0.0,0.0,0.0,2.0,1.0,1.0,0.0,2.0
0.0,1.0,0.0,0.0,0.0,0.0,0.0,2.0,2.0,1.0,0.0,1.0
0.0,1.0,0.0,0.0,0.0,0.0,0.0,1.0,2.0,0.0,0.0,1.0
1.0,1.0,0.0,0.0,0.0,0.0,0.0,1.0,1.0,0.0,0.0,1.0
1.0,1.0,0.0,0.0,0.0,0.0,0.0,1.0,1.0,0.0,0.0,1.0
0.0,1.0,0.0,0.0,0.0,0.0,0.0,2.0,2.0,1.0,0.0,1.0
2.0,0.0,1.0,0.0,0.0,0.0,0.0,2.0,1.0,1.0,0.0,1.0
0.0,1.0,0.0,0.0,0.0,0.0,0.0,2.0,2.0,0.0,0.0,1.0
2.0,0.0,1.0,0.0,0.0,0.0,0.0,2.0,1.0,0.0,1.0,1.0
1.0,1.0,1.0,0.0,0.0,0.0,1.0,1.0,1.0,0.0,0.0,1.0
0.0,1.0,0.0,0.0,0.0,0.0,0.0,2.0,2.0,0.0,0.0,1.0
1.0,1.0,0.0,0.0,0.0,0.0,1.0,1.0,1.0,0.0,0.0,1.0
1.0,0.0,1.0,0.0,0.0,0.0,0.0,2.0,1.0,0.0,0.0,1.0
0.0,1.0,0.0,0.0,0.0,0.0,0.0,1.0,2.0,0.0,0.0,1.0
1.0,0.0,3.0,0.0,3.0,0.0,0.0,1.0,1.0,2.0,0.0,1.0
1.0,0.0,1.0,0.0,0.0,0.0,0.0,2.0,1.0,1.0,1.0,2.0
1.0,0.0,0.0,0.0,0.0,0.0,0.0,1.0,1.0,0.0,0.0,1.0
0.0,2.0,0.0,0.0,0.0,0.0,0.0,1.0,1.0,0.0,0.0,0.0
1.0,1.0,0.0,0.0,0.0,0.0,0.0,1.0,1.0,0.0,0.0,1.0
1.0,0.0,0.0,0.0,0.0,1.0,0.0,1.0,1.0,0.0,0.0,1.0
2.0,1.0,1.0,0.0,0.0,0.0,0.0,2.0,1.0,1.0,1.0,1.0
2.0,0.0,2.0,0.0,0.0,0.0,0.0,1.0,1.0,0.0,1.0,2.0
1.0,2.0,0.0,0.0,0.0,1.0,0.0,2.0,2.0,0.0,0.0,0.0
1.0,0.0,1.0,0.0,0.0,0.0,0.0,2.0,1.0,1.0,2.0,2.0
0.0,1.0,0.0,0.0,0.0,0.0,0.0,2.0,2.0,1.0,0.0,1.0
2.0,0.0,2.0,0.0,0.0,0.0,0.0,2.0,1.0,1.0,1.0,1.0
1.0,1.0,0.0,0.0,0.0,1.0,0.0,1.0,1.0,0.0,1.0,1.0
2.0,0.0,2.0,0.0,0.0,0.0,0.0,2.0,1.0,1.0,1.0,1.0
2.0,0.0,2.0,0.0,0.0,0.0,0.0,2.0,1.0,1.0,1.0,1.0
1.0,1.0,0.0,0.0,0.0,0.0,0.0,2.0,1.0,0.0,0.0,1.0
1.0,1.0,0.0,1.0,0.0,1.0,1.0,2.0,2.0,1.0,0.0,1.0
1.0,1.0,0.0,0.0,0.0,1.0,0.0,1.0,1.0,0.0,1.0,1.0
0.0,1.0,0.0,0.0,0.0,0.0,0.0,2.0,2.0,1.0,0.0,1.0
2.0,0.0,2.0,0.0,0.0,0.0,0.0,2.0,1.0,1.0,1.0,1.0
2.0,0.0,1.0,1.0,0.0,0.0,0.0,2.0,1.0,1.0,2.0,2.0
1.0,0.0,1.0,1.0,0.0,0.0,0.0,2.0,2.0,1.0,1.0,2.0
2.0,0.0,1.0,0.0,0.0,0.0,0.0,2.0,1.0,1.0,0.0,1.0
1.0,0.0,2.0,0.0,2.0,0.0,0.0,2.0,1.0,1.0,0.0,2.0
1.0,1.0,0.0,0.0,0.0,0.0,0.0,2.0,1.0,0.0,0.0,1.0
1.0,0.0,1.0,1.0,0.0,0.0,0.0,2.0,2.0,1.0,1.0,2.0
1.0,1.0,0.0,0.0,0.0,1.0,0.0,2.0,1.0,0.0,0.0,1.0
1.0,1.0,0.0,0.0,0.0,1.0,0.0,2.0,1.0,0.0,0.0,1.0
2.0,0.0,2.0,0.0,0.0,1.0,0.0,2.0,1.0,1.0,1.0,1.0
1.0,0.0,0.0,0.0,0.0,1.0,0.0,1.0,1.0,0.0,1.0,1.0
1.0,1.0,0.0,0.0,0.0,1.0,0.0,2.0,1.0,1.0,1.0,2.0
2.0,0.0,2.0,0.0,0.0,1.0,1.0,3.0,1.0,1.0,0.0,1.0
1.0,1.0,0.0,0.0,0.0,1.0,0.0,2.0,1.0,1.0,1.0,2.0
2.0,0.0,1.0,0.0,2.0,0.0,0.0,2.0,1.0,0.0,1.0,1.0
2.0,1.0,0.0,0.0,0.0,0.0,0.0,2.0,1.0,0.0,1.0,1.0
0.0,0.0,1.0,0.0,0.0,0.0,0.0,1.0,2.0,0.0,1.0,1.0
3.0,0.0,2.0,0.0,0.0,0.0,0.0,3.0,0.0,1.0,0.0,1.0
2.0,1.0,1.0,0.0,0.0,0.0,0.0,2.0,0.0,0.0,0.0,1.0
2.0,1.0,1.0,0.0,0.0,1.0,0.0,2.0,1.0,0.0,0.0,1.0
0.0,1.0,0.0,0.0,0.0,0.0,0.0,2.0,2.0,0.0,0.0,1.0
0.0,1.0,0.0,0.0,0.0,0.0,0.0,2.0,2.0,1.0,0.0,1.0
0.0,1.0,0.0,0.0,0.0,0.0,0.0,2.0,2.0,0.0,0.0,1.0
1.0,1.0,0.0,0.0,0.0,1.0,0.0,1.0,2.0,0.0,1.0,1.0
2.0,0.0,1.0,0.0,0.0,0.0,0.0,2.0,1.0,0.0,1.0,1.0
1.0,1.0,0.0,0.0,0.0,0.0,0.0,2.0,2.0,0.0,0.0,1.0
0.0,1.0,0.0,0.0,1.0,0.0,0.0,1.0,2.0,0.0,0.0,1.0
1.0,1.0,2.0,0.0,0.0,0.0,1.0,2.0,1.0,0.0,0.0,1.0
2.0,1.0,1.0,0.0,0.0,0.0,0.0,2.0,1.0,0.0,0.0,1.0
1.0,1.0,1.0,0.0,0.0,0.0,0.0,1.0,1.0,0.0,0.0,1.0
2.0,0.0,1.0,0.0,1.0,0.0,0.0,2.0,1.0,0.0,0.0,1.0
2.0,0.0,1.0,0.0,1.0,0.0,0.0,2.0,1.0,0.0,0.0,1.0
0.0,0.0,1.0,0.0,0.0,0.0,0.0,1.0,2.0,0.0,0.0,1.0
2.0,1.0,1.0,0.0,0.0,0.0,0.0,2.0,1.0,0.0,0.0,1.0
1.0,1.0,0.0,0.0,0.0,0.0,1.0,1.0,1.0,0.0,0.0,1.0
1.0,0.0,1.0,0.0,0.0,1.0,1.0,2.0,1.0,0.0,0.0,1.0
1.0,0.0,1.0,0.0,0.0,1.0,1.0,2.0,1.0,0.0,0.0,1.0
0.0,0.0,1.0,0.0,0.0,1.0,0.0,1.0,2.0,0.0,1.0,1.0
0.0,0.0,1.0,0.0,0.0,1.0,0.0,1.0,2.0,0.0,1.0,1.0
1.0,1.0,0.0,0.0,0.0,2.0,1.0,2.0,1.0,0.0,1.0,1.0
1.0,1.0,0.0,0.0,0.0,1.0,0.0,2.0,1.0,0.0,1.0,1.0
1.0,1.0,1.0,0.0,0.0,1.0,0.0,2.0,1.0,0.0,1.0,2.0
1.0,1.0,0.0,0.0,0.0,1.0,0.0,2.0,1.0,0.0,1.0,1.0
1.0,1.0,1.0,0.0,0.0,1.0,0.0,2.0,1.0,0.0,1.0,2.0
1.0,1.0,1.0,0.0,0.0,1.0,1.0,2.0,1.0,0.0,0.0,1.0
1.0,1.0,0.0,0.0,0.0,0.0,0.0,2.0,1.0,0.0,0.0,1.0
2.0,1.0,1.0,0.0,0.0,1.0,0.0,2.0,1.0,0.0,0.0,1.0
1.0,1.0,0.0,2.0,0.0,0.0,0.0,3.0,1.0,0.0,0.0,1.0
1.0,1.0,0.0,2.0,0.0,0.0,0.0,3.0,1.0,0.0,0.0,1.0
2.0,1.0,2.0,0.0,0.0,0.0,0.0,2.0,0.0,0.0,1.0,2.0
2.0,0.0,1.0,0.0,0.0,0.0,0.0,2.0,1.0,1.0,1.0,1.0
3.0,0.0,2.0,0.0,0.0,0.0,0.0,2.0,1.0,0.0,0.0,1.0
2.0,0.0,1.0,0.0,0.0,0.0,0.0,2.0,1.0,0.0,0.0,1.0
1.0,0.0,2.0,0.0,0.0,0.0,0.0,2.0,1.0,0.0,2.0,1.0
1.0,0.0,2.0,0.0,0.0,0.0,0.0,2.0,1.0,0.0,2.0,1.0
1.0,1.0,1.0,0.0,0.0,1.0,1.0,2.0,1.0,0.0,0.0,1.0
1.0,1.0,0.0,0.0,0.0,0.0,0.0,1.0,1.0,0.0,1.0,1.0
1.0,1.0,0.0,0.0,0.0,0.0,0.0,1.0,1.0,0.0,2.0,2.0
2.0,1.0,2.0,0.0,0.0,0.0,0.0,2.0,1.0,1.0,2.0,2.0
1.0,0.0,1.0,0.0,0.0,0.0,0.0,1.0,1.0,0.0,2.0,1.0
1.0,0.0,1.0,0.0,0.0,1.0,0.0,2.0,1.0,0.0,1.0,1.0
2.0,1.0,2.0,0.0,0.0,1.0,1.0,3.0,1.0,1.0,1.0,1.0
2.0,0.0,2.0,0.0,0.0,0.0,0.0,2.0,1.0,2.0,0.0,2.0
2.0,0.0,1.0,0.0,0.0,0.0,0.0,2.0,1.0,2.0,0.0,1.0
2.0,0.0,1.0,0.0,0.0,0.0,0.0,2.0,1.0,1.0,1.0,1.0
2.0,0.0,1.0,0.0,0.0,0.0,0.0,2.0,1.0,1.0,0.0,1.0
2.0,0.0,1.0,0.0,0.0,0.0,0.0,2.0,1.0,1.0,0.0,1.0
2.0,1.0,1.0,0.0,0.0,0.0,0.0,3.0,1.0,1.0,1.0,1.0
0.0,1.0,0.0,0.0,0.0,2.0,0.0,2.0,2.0,1.0,0.0,1.0
0.0,1.0,0.0,0.0,0.0,0.0,0.0,1.0,2.0,1.0,2.0,2.0
3.0,1.0,2.0,0.0,0.0,0.0,0.0,2.0,0.0,1.0,2.0,1.0
1.0,1.0,1.0,0.0,0.0,0.0,0.0,2.0,1.0,1.0,0.0,1.0
1.0,1.0,0.0,0.0,0.0,0.0,0.0,2.0,1.0,1.0,0.0,1.0
2.0,1.0,0.0,0.0,0.0,0.0,0.0,3.0,1.0,1.0,0.0,1.0
1.0,1.0,0.0,0.0,0.0,0.0,0.0,2.0,1.0,1.0,0.0,1.0
1.0,1.0,0.0,0.0,0.0,0.0,0.0,2.0,1.0,0.0,0.0,1.0
3.0,1.0,3.0,1.0,0.0,1.0,1.0,3.0,1.0,1.0,2.0,1.0
0.0,0.0,1.0,0.0,0.0,2.0,2.0,0.0,1.0,0.0,2.0,1.0
0.0,1.0,0.0,0.0,0.0,0.0,0.0,1.0,2.0,0.0,2.0,1.0
2.0,0.0,2.0,0.0,0.0,1.0,0.0,2.0,1.0,1.0,1.0,1.0
2.0,0.0,2.0,0.0,0.0,0.0,0.0,2.0,1.0,1.0,2.0,2.0
2.0,0.0,2.0,0.0,0.0,0.0,0.0,2.0,1.0,1.0,1.0,2.0
2.0,0.0,2.0,0.0,0.0,0.0,0.0,3.0,1.0,0.0,0.0,1.0
1.0,1.0,0.0,0.0,0.0,0.0,1.0,2.0,1.0,0.0,0.0,1.0
1.0,0.0,1.0,0.0,0.0,1.0,0.0,2.0,1.0,1.0,0.0,1.0
2.0,1.0,2.0,0.0,0.0,0.0,0.0,2.0,0.0,0.0,0.0,1.0
2.0,0.0,2.0,0.0,0.0,0.0,0.0,2.0,0.0,1.0,1.0,1.0
2.0,1.0,2.0,1.0,0.0,0.0,0.0,3.0,1.0,0.0,0.0,2.0
1.0,0.0,1.0,0.0,0.0,0.0,0.0,2.0,1.0,1.0,2.0,1.0
2.0,1.0,2.0,1.0,0.0,0.0,0.0,3.0,1.0,0.0,0.0,2.0
2.0,1.0,2.0,0.0,0.0,0.0,0.0,2.0,1.0,0.0,0.0,1.0
2.0,0.0,2.0,0.0,0.0,0.0,0.0,2.0,1.0,0.0,0.0,1.0
1.0,0.0,2.0,0.0,0.0,0.0,0.0,1.0,1.0,1.0,2.0,2.0
0.0,1.0,0.0,0.0,0.0,1.0,0.0,2.0,2.0,1.0,0.0,1.0
1.0,0.0,1.0,0.0,0.0,0.0,0.0,1.0,1.0,1.0,0.0,1.0
1.0,0.0,1.0,0.0,0.0,1.0,0.0,1.0,1.0,1.0,1.0,1.0
0.0,1.0,0.0,0.0,0.0,0.0,0.0,1.0,0.0,0.0,0.0,1.0
3.0,0.0,2.0,0.0,0.0,0.0,0.0,3.0,0.0,1.0,1.0,1.0
2.0,1.0,2.0,0.0,0.0,0.0,0.0,2.0,0.0,1.0,2.0,2.0
2.0,0.0,1.0,0.0,0.0,1.0,0.0,3.0,1.0,1.0,1.0,1.0
1.0,0.0,2.0,0.0,0.0,0.0,0.0,1.0,1.0,1.0,2.0,2.0
2.0,1.0,2.0,1.0,0.0,0.0,0.0,2.0,1.0,1.0,3.0,1.0
1.0,0.0,1.0,0.0,0.0,1.0,0.0,2.0,1.0,0.0,1.0,1.0
1.0,0.0,1.0,0.0,0.0,0.0,0.0,2.0,1.0,1.0,0.0,1.0
3.0,0.0,2.0,0.0,0.0,0.0,0.0,3.0,1.0,1.0,0.0,1.0
1.0,0.0,1.0,0.0,0.0,0.0,0.0,2.0,1.0,1.0,0.0,1.0
1.0,0.0,1.0,0.0,0.0,0.0,0.0,2.0,1.0,1.0,0.0,1.0
1.0,1.0,1.0,0.0,0.0,1.0,0.0,2.0,2.0,0.0,0.0,1.0
0.0,1.0,0.0,0.0,0.0,0.0,0.0,2.0,2.0,1.0,0.0,1.0
1.0,1.0,1.0,0.0,0.0,1.0,0.0,2.0,2.0,0.0,0.0,1.0
1.0,1.0,0.0,0.0,0.0,0.0,0.0,2.0,1.0,0.0,0.0,1.0
1.0,0.0,1.0,0.0,0.0,1.0,0.0,2.0,2.0,0.0,0.0,1.0
1.0,0.0,1.0,0.0,0.0,0.0,0.0,2.0,1.0,0.0,0.0,2.0
0.0,1.0,0.0,0.0,0.0,0.0,1.0,0.0,2.0,1.0,2.0,2.0
3.0,0.0,2.0,0.0,0.0,0.0,0.0,3.0,1.0,1.0,0.0,1.0
1.0,0.0,2.0,0.0,0.0,0.0,0.0,2.0,1.0,0.0,0.0,1.0
1.0,1.0,2.0,0.0,0.0,0.0,1.0,2.0,1.0,0.0,0.0,1.0
2.0,1.0,2.0,0.0,0.0,0.0,0.0,2.0,0.0,0.0,0.0,1.0
2.0,0.0,3.0,0.0,0.0,0.0,0.0,3.0,1.0,0.0,2.0,2.0
0.0,1.0,0.0,1.0,0.0,3.0,1.0,2.0,2.0,0.0,0.0,1.0
2.0,1.0,2.0,0.0,0.0,0.0,0.0,2.0,1.0,0.0,1.0,1.0
2.0,1.0,2.0,0.0,0.0,0.0,0.0,2.0,1.0,0.0,1.0,1.0
1.0,1.0,0.0,0.0,0.0,0.0,0.0,1.0,1.0,0.0,0.0,1.0
0.0,1.0,0.0,1.0,0.0,3.0,1.0,2.0,2.0,0.0,0.0,1.0
1.0,0.0,1.0,0.0,0.0,1.0,0.0,1.0,1.0,0.0,1.0,1.0
2.0,0.0,2.0,0.0,0.0,1.0,0.0,2.0,1.0,0.0,1.0,1.0
2.0,1.0,1.0,0.0,0.0,0.0,0.0,2.0,1.0,0.0,1.0,1.0
1.0,1.0,0.0,0.0,0.0,0.0,0.0,2.0,1.0,0.0,0.0,1.0
1.0,0.0,1.0,0.0,0.0,0.0,0.0,1.0,1.0,1.0,1.0,1.0
1.0,0.0,1.0,0.0,0.0,0.0,0.0,2.0,1.0,0.0,1.0,1.0
2.0,0.0,2.0,0.0,0.0,0.0,0.0,2.0,1.0,0.0,1.0,2.0
2.0,0.0,2.0,0.0,1.0,0.0,0.0,2.0,1.0,0.0,1.0,1.0
2.0,0.0,1.0,0.0,0.0,1.0,0.0,2.0,0.0,0.0,0.0,0.0
1.0,0.0,1.0,0.0,0.0,1.0,1.0,2.0,2.0,0.0,0.0,1.0
1.0,0.0,1.0,0.0,0.0,1.0,1.0,2.0,2.0,0.0,0.0,1.0
0.0,1.0,0.0,0.0,0.0,0.0,1.0,1.0,1.0,0.0,0.0,1.0
1.0,0.0,2.0,1.0,0.0,0.0,0.0,2.0,1.0,1.0,2.0,2.0
1.0,1.0,1.0,0.0,0.0,1.0,1.0,2.0,1.0,0.0,0.0,1.0
1.0,1.0,0.0,1.0,0.0,1.0,1.0,3.0,1.0,1.0,0.0,1.0
2.0,0.0,2.0,0.0,0.0,0.0,0.0,2.0,1.0,0.0,2.0,1.0
0.0,1.0,0.0,0.0,0.0,1.0,1.0,1.0,2.0,0.0,1.0,1.0
2.0,0.0,2.0,0.0,0.0,0.0,0.0,2.0,1.0,1.0,1.0,1.0
0.0,1.0,0.0,0.0,0.0,1.0,0.0,2.0,2.0,0.0,0.0,1.0
1.0,1.0,1.0,0.0,0.0,1.0,0.0,2.0,1.0,0.0,2.0,2.0
0.0,1.0,0.0,0.0,0.0,1.0,0.0,1.0,2.0,0.0,2.0,2.0
1.0,2.0,0.0,0.0,0.0,0.0,0.0,1.0,1.0,0.0,1.0,1.0
2.0,0.0,1.0,0.0,0.0,0.0,0.0,2.0,1.0,1.0,1.0,2.0
1.0,2.0,0.0,0.0,0.0,0.0,0.0,1.0,1.0,0.0,1.0,1.0
0.0,1.0,0.0,0.0,0.0,1.0,0.0,1.0,2.0,0.0,2.0,2.0
0.0,1.0,0.0,0.0,0.0,1.0,0.0,1.0,2.0,0.0,1.0,1.0
1.0,1.0,0.0,0.0,0.0,0.0,0.0,2.0,1.0,0.0,1.0,1.0
1.0,1.0,1.0,0.0,0.0,0.0,0.0,2.0,1.0,0.0,0.0,1.0
2.0,1.0,2.0,0.0,0.0,0.0,0.0,2.0,1.0,0.0,1.0,1.0
2.0,0.0,1.0,0.0,0.0,0.0,0.0,2.0,1.0,1.0,1.0,2.0
1.0,1.0,1.0,0.0,0.0,1.0,0.0,2.0,1.0,0.0,0.0,1.0
2.0,0.0,2.0,0.0,0.0,0.0,0.0,1.0,0.0,0.0,2.0,1.0
2.0,0.0,2.0,0.0,0.0,0.0,0.0,3.0,1.0,0.0,0.0,1.0
2.0,0.0,2.0,0.0,0.0,1.0,0.0,2.0,1.0,1.0,0.0,1.0
2.0,0.0,2.0,0.0,0.0,0.0,0.0,3.0,1.0,0.0,0.0,1.0
1.0,1.0,1.0,0.0,0.0,2.0,0.0,1.0,1.0,0.0,1.0,1.0
2.0,0.0,2.0,0.0,0.0,0.0,0.0,2.0,1.0,0.0,1.0,1.0
2.0,0.0,2.0,0.0,0.0,1.0,0.0,2.0,1.0,1.0,0.0,1.0
0.0,1.0,0.0,0.0,0.0,0.0,0.0,1.0,1.0,0.0,0.0,1.0
2.0,0.0,2.0,0.0,0.0,0.0,0.0,2.0,0.0,1.0,0.0,2.0
2.0,0.0,2.0,0.0,0.0,0.0,0.0,2.0,1.0,0.0,1.0,1.0
3.0,1.0,3.0,0.0,0.0,0.0,0.0,3.0,0.0,0.0,1.0,2.0
1.0,0.0,1.0,0.0,0.0,0.0,0.0,1.0,1.0,0.0,1.0,2.0
0.0,1.0,0.0,0.0,0.0,0.0,0.0,0.0,2.0,1.0,2.0,2.0
1.0,1.0,0.0,0.0,0.0,0.0,0.0,2.0,1.0,0.0,1.0,1.0
2.0,0.0,2.0,0.0,0.0,1.0,0.0,2.0,1.0,0.0,1.0,1.0
1.0,0.0,1.0,0.0,0.0,0.0,0.0,1.0,1.0,0.0,1.0,1.0
1.0,1.0,0.0,0.0,0.0,0.0,0.0,1.0,1.0,0.0,1.0,1.0
2.0,0.0,2.0,0.0,0.0,0.0,0.0,2.0,1.0,0.0,1.0,1.0
2.0,0.0,2.0,0.0,0.0,0.0,0.0,2.0,1.0,0.0,1.0,1.0
1.0,0.0,2.0,0.0,2.0,0.0,0.0,2.0,1.0,1.0,0.0,1.0
0.0,1.0,0.0,0.0,0.0,0.0,0.0,1.0,2.0,0.0,0.0,1.0
2.0,0.0,2.0,0.0,0.0,0.0,0.0,2.0,1.0,0.0,1.0,2.0
0.0,0.0,1.0,0.0,0.0,1.0,0.0,1.0,2.0,0.0,1.0,1.0
2.0,1.0,2.0,1.0,0.0,0.0,0.0,2.0,1.0,0.0,3.0,2.0
1.0,1.0,1.0,0.0,0.0,0.0,0.0,2.0,1.0,0.0,1.0,1.0
1.0,1.0,0.0,0.0,0.0,1.0,0.0,2.0,1.0,0.0,0.0,1.0
2.0,0.0,2.0,0.0,0.0,0.0,0.0,2.0,1.0,0.0,1.0,2.0
2.0,1.0,2.0,0.0,0.0,0.0,0.0,3.0,1.0,0.0,0.0,0.0
1.0,0.0,2.0,0.0,0.0,0.0,0.0,2.0,1.0,0.0,1.0,1.0
1.0,1.0,0.0,0.0,0.0,0.0,0.0,2.0,1.0,0.0,0.0,1.0
2.0,0.0,2.0,0.0,0.0,0.0,0.0,2.0,1.0,0.0,2.0,1.0
1.0,1.0,2.0,0.0,0.0,1.0,1.0,2.0,1.0,0.0,0.0,1.0
2.0,0.0,2.0,0.0,0.0,0.0,0.0,2.0,0.0,0.0,0.0,1.0
1.0,0.0,1.0,0.0,0.0,0.0,0.0,3.0,2.0,1.0,0.0,1.0
2.0,1.0,1.0,0.0,0.0,1.0,0.0,2.0,1.0,0.0,1.0,1.0
1.0,0.0,1.0,0.0,0.0,0.0,0.0,1.0,1.0,1.0,3.0,1.0
2.0,0.0,2.0,0.0,0.0,0.0,0.0,2.0,1.0,0.0,0.0,1.0
1.0,1.0,0.0,0.0,0.0,1.0,0.0,1.0,1.0,0.0,0.0,1.0
2.0,0.0,2.0,0.0,0.0,0.0,0.0,2.0,0.0,0.0,1.0,1.0
1.0,1.0,1.0,0.0,0.0,1.0,0.0,2.0,1.0,0.0,1.0,1.0
2.0,0.0,2.0,0.0,0.0,1.0,0.0,2.0,1.0,1.0,1.0,1.0
1.0,0.0,2.0,0.0,0.0,0.0,0.0,2.0,1.0,1.0,1.0,1.0
2.0,0.0,2.0,0.0,0.0,0.0,0.0,2.0,1.0,1.0,0.0,1.0
1.0,1.0,0.0,0.0,0.0,0.0,0.0,2.0,1.0,0.0,1.0,1.0
1.0,0.0,1.0,0.0,0.0,0.0,0.0,2.0,1.0,0.0,0.0,1.0
2.0,0.0,1.0,0.0,0.0,0.0,0.0,2.0,1.0,1.0,1.0,1.0
1.0,1.0,0.0,0.0,0.0,0.0,0.0,2.0,1.0,0.0,1.0,1.0
1.0,1.0,0.0,0.0,0.0,0.0,0.0,2.0,1.0,0.0,1.0,1.0
2.0,0.0,1.0,3.0,0.0,0.0,0.0,3.0,1.0,0.0,0.0,1.0
1.0,0.0,2.0,0.0,0.0,0.0,0.0,1.0,1.0,1.0,2.0,2.0
2.0,0.0,2.0,0.0,0.0,0.0,0.0,2.0,0.0,1.0,0.0,1.0
2.0,0.0,2.0,0.0,0.0,0.0,0.0,2.0,0.0,1.0,0.0,1.0
2.0,0.0,2.0,0.0,0.0,0.0,0.0,2.0,1.0,0.0,3.0,1.0
1.0,1.0,1.0,0.0,0.0,0.0,0.0,2.0,1.0,0.0,0.0,1.0
1.0,1.0,1.0,0.0,0.0,0.0,0.0,2.0,1.0,0.0,0.0,1.0
1.0,1.0,1.0,0.0,0.0,0.0,0.0,2.0,1.0,0.0,0.0,1.0
2.0,0.0,2.0,0.0,0.0,1.0,0.0,2.0,1.0,1.0,1.0,2.0
1.0,0.0,1.0,0.0,0.0,0.0,0.0,2.0,1.0,1.0,1.0,1.0
1.0,1.0,1.0,0.0,0.0,1.0,0.0,2.0,1.0,0.0,1.0,1.0
1.0,0.0,1.0,0.0,0.0,0.0,0.0,1.0,1.0,1.0,3.0,2.0
1.0,0.0,2.0,0.0,0.0,0.0,0.0,1.0,1.0,1.0,3.0,2.0
1.0,1.0,1.0,0.0,0.0,1.0,1.0,2.0,2.0,0.0,1.0,1.0
0.0,0.0,0.0,2.0,0.0,1.0,1.0,1.0,2.0,0.0,2.0,1.0
2.0,0.0,2.0,0.0,0.0,0.0,0.0,2.0,1.0,0.0,1.0,2.0
1.0,1.0,1.0,0.0,0.0,0.0,0.0,2.0,2.0,0.0,0.0,1.0
0.0,0.0,1.0,0.0,0.0,2.0,1.0,1.0,1.0,1.0,1.0,1.0
2.0,0.0,2.0,0.0,0.0,0.0,0.0,2.0,1.0,0.0,1.0,2.0
1.0,1.0,1.0,0.0,0.0,1.0,1.0,2.0,2.0,0.0,1.0,1.0
1.0,1.0,1.0,0.0,0.0,0.0,0.0,2.0,2.0,0.0,0.0,1.0
2.0,0.0,2.0,1.0,0.0,2.0,0.0,2.0,1.0,1.0,2.0,2.0
2.0,0.0,2.0,1.0,0.0,2.0,0.0,2.0,1.0,1.0,2.0,2.0
2.0,0.0,1.0,0.0,0.0,0.0,0.0,2.0,1.0,1.0,1.0,2.0
2.0,0.0,1.0,0.0,0.0,0.0,0.0,2.0,1.0,1.0,1.0,2.0
1.0,1.0,2.0,0.0,0.0,0.0,0.0,1.0,1.0,1.0,2.0,2.0
2.0,0.0,1.0,0.0,0.0,0.0,0.0,2.0,1.0,1.0,1.0,2.0
2.0,1.0,2.0,0.0,0.0,0.0,0.0,2.0,1.0,0.0,0.0,1.0
1.0,1.0,1.0,0.0,0.0,1.0,0.0,2.0,1.0,0.0,1.0,1.0
3.0,0.0,3.0,0.0,0.0,1.0,0.0,2.0,0.0,0.0,1.0,2.0
2.0,0.0,1.0,1.0,0.0,1.0,0.0,2.0,0.0,0.0,0.0,1.0
1.0,1.0,1.0,0.0,0.0,1.0,0.0,2.0,1.0,0.0,1.0,1.0
2.0,0.0,1.0,0.0,0.0,0.0,0.0,2.0,0.0,1.0,0.0,1.0
2.0,1.0,2.0,0.0,0.0,0.0,0.0,2.0,1.0,0.0,2.0,2.0
2.0,1.0,2.0,0.0,0.0,0.0,0.0,2.0,1.0,0.0,2.0,2.0
1.0,1.0,1.0,1.0,0.0,1.0,2.0,3.0,1.0,1.0,0.0,1.0
2.0,1.0,1.0,0.0,0.0,0.0,0.0,3.0,1.0,0.0,2.0,1.0
2.0,1.0,1.0,0.0,1.0,0.0,0.0,2.0,1.0,0.0,0.0,0.0
2.0,0.0,1.0,0.0,0.0,0.0,0.0,2.0,1.0,0.0,2.0,1.0
0.0,0.0,1.0,0.0,0.0,2.0,1.0,1.0,1.0,1.0,1.0,1.0
1.0,0.0,1.0,0.0,0.0,0.0,0.0,2.0,2.0,1.0,0.0,1.0
1.0,0.0,1.0,0.0,0.0,0.0,0.0,2.0,2.0,0.0,0.0,1.0
1.0,0.0,1.0,0.0,0.0,2.0,1.0,2.0,2.0,1.0,0.0,1.0
1.0,0.0,1.0,0.0,0.0,2.0,1.0,2.0,1.0,0.0,0.0,1.0
1.0,0.0,1.0,0.0,0.0,1.0,1.0,2.0,1.0,0.0,0.0,1.0
2.0,1.0,0.0,0.0,0.0,1.0,0.0,2.0,1.0,0.0,0.0,1.0
0.0,0.0,1.0,0.0,0.0,2.0,1.0,1.0,1.0,1.0,1.0,1.0
0.0,0.0,1.0,0.0,0.0,1.0,1.0,1.0,2.0,1.0,1.0,1.0
1.0,0.0,1.0,0.0,0.0,1.0,0.0,2.0,1.0,1.0,0.0,1.0
1.0,1.0,0.0,0.0,0.0,0.0,0.0,2.0,1.0,0.0,0.0,1.0
1.0,0.0,0.0,0.0,0.0,0.0,0.0,2.0,2.0,1.0,1.0,1.0
2.0,0.0,1.0,0.0,0.0,0.0,0.0,3.0,1.0,0.0,1.0,1.0
2.0,0.0,1.0,0.0,0.0,0.0,0.0,3.0,1.0,0.0,1.0,1.0
2.0,0.0,0.0,0.0,0.0,0.0,0.0,1.0,1.0,0.0,2.0,1.0
1.0,0.0,0.0,0.0,0.0,0.0,0.0,2.0,1.0,0.0,0.0,1.0
1.0,0.0,0.0,0.0,0.0,0.0,0.0,2.0,2.0,1.0,1.0,1.0
1.0,1.0,0.0,0.0,0.0,0.0,0.0,2.0,1.0,0.0,0.0,1.0
1.0,1.0,0.0,0.0,0.0,0.0,0.0,2.0,1.0,1.0,1.0,1.0
2.0,0.0,1.0,1.0,0.0,0.0,0.0,3.0,1.0,0.0,2.0,2.0
2.0,1.0,2.0,1.0,0.0,0.0,0.0,2.0,1.0,0.0,1.0,1.0
1.0,1.0,0.0,0.0,0.0,1.0,0.0,2.0,1.0,0.0,0.0,1.0
1.0,0.0,1.0,1.0,0.0,0.0,0.0,2.0,1.0,0.0,1.0,1.0
1.0,1.0,0.0,0.0,0.0,0.0,0.0,1.0,1.0,0.0,0.0,1.0
2.0,1.0,0.0,0.0,0.0,0.0,0.0,2.0,1.0,0.0,1.0,1.0
3.0,0.0,2.0,0.0,0.0,0.0,0.0,3.0,0.0,1.0,0.0,1.0
1.0,0.0,1.0,0.0,0.0,2.0,1.0,2.0,1.0,0.0,0.0,1.0
1.0,1.0,0.0,0.0,0.0,0.0,0.0,2.0,2.0,1.0,0.0,1.0
2.0,0.0,1.0,0.0,0.0,0.0,0.0,2.0,1.0,1.0,1.0,1.0
2.0,0.0,1.0,0.0,0.0,1.0,0.0,2.0,1.0,1.0,1.0,1.0
1.0,1.0,1.0,0.0,1.0,0.0,0.0,2.0,1.0,0.0,0.0,1.0
0.0,1.0,0.0,0.0,0.0,0.0,0.0,1.0,1.0,0.0,0.0,1.0
1.0,0.0,0.0,0.0,0.0,0.0,0.0,2.0,1.0,0.0,0.0,1.0
1.0,0.0,0.0,0.0,0.0,0.0,0.0,2.0,1.0,0.0,0.0,1.0
0.0,2.0,0.0,0.0,0.0,1.0,1.0,0.0,3.0,0.0,1.0,1.0
3.0,1.0,1.0,0.0,0.0,0.0,0.0,3.0,0.0,0.0,1.0,1.0
3.0,1.0,1.0,0.0,0.0,0.0,0.0,3.0,0.0,0.0,1.0,1.0
2.0,1.0,1.0,1.0,0.0,0.0,0.0,2.0,1.0,0.0,2.0,1.0
3.0,1.0,1.0,0.0,0.0,0.0,0.0,3.0,0.0,0.0,1.0,1.0
2.0,1.0,1.0,1.0,0.0,0.0,0.0,2.0,1.0,0.0,2.0,1.0
2.0,0.0,1.0,0.0,0.0,0.0,0.0,3.0,1.0,0.0,2.0,1.0
2.0,1.0,1.0,0.0,0.0,0.0,0.0,2.0,1.0,0.0,1.0,1.0
1.0,0.0,1.0,0.0,0.0,1.0,1.0,2.0,1.0,0.0,0.0,1.0
1.0,1.0,1.0,0.0,0.0,2.0,1.0,2.0,1.0,0.0,0.0,1.0
1.0,0.0,1.0,0.0,0.0,1.0,0.0,2.0,1.0,0.0,1.0,1.0
2.0,0.0,1.0,0.0,0.0,0.0,0.0,3.0,1.0,0.0,2.0,1.0
2.0,1.0,1.0,0.0,0.0,0.0,0.0,2.0,1.0,0.0,1.0,1.0
1.0,1.0,0.0,0.0,1.0,0.0,0.0,2.0,1.0,0.0,0.0,1.0
1.0,1.0,0.0,0.0,1.0,0.0,0.0,2.0,1.0,0.0,0.0,1.0
1.0,1.0,1.0,0.0,1.0,0.0,0.0,2.0,1.0,1.0,1.0,1.0
0.0,0.0,0.0,0.0,0.0,1.0,0.0,1.0,2.0,0.0,2.0,1.0
2.0,0.0,1.0,0.0,0.0,0.0,0.0,3.0,1.0,1.0,1.0,1.0
0.0,0.0,0.0,0.0,0.0,1.0,0.0,1.0,2.0,0.0,2.0,1.0
1.0,0.0,1.0,0.0,0.0,0.0,0.0,2.0,1.0,0.0,1.0,1.0
2.0,1.0,1.0,0.0,0.0,0.0,0.0,2.0,1.0,0.0,0.0,0.0
2.0,0.0,1.0,0.0,0.0,1.0,1.0,2.0,1.0,0.0,0.0,1.0
2.0,0.0,1.0,0.0,0.0,1.0,0.0,2.0,1.0,1.0,1.0,1.0
1.0,1.0,0.0,0.0,0.0,0.0,0.0,2.0,1.0,0.0,0.0,0.0
1.0,0.0,1.0,0.0,0.0,0.0,1.0,2.0,1.0,0.0,0.0,1.0
1.0,0.0,1.0,0.0,0.0,0.0,1.0,2.0,1.0,0.0,0.0,1.0
2.0,0.0,1.0,0.0,0.0,0.0,0.0,2.0,1.0,0.0,0.0,1.0
2.0,1.0,1.0,0.0,0.0,0.0,0.0,2.0,1.0,0.0,0.0,1.0
2.0,1.0,1.0,0.0,0.0,0.0,0.0,2.0,1.0,0.0,0.0,1.0
2.0,1.0,1.0,0.0,0.0,0.0,0.0,2.0,1.0,0.0,0.0,1.0
2.0,0.0,1.0,0.0,0.0,0.0,0.0,2.0,0.0,0.0,0.0,2.0
2.0,0.0,1.0,0.0,0.0,2.0,1.0,2.0,1.0,1.0,1.0,2.0
1.0,1.0,0.0,0.0,0.0,0.0,0.0,2.0,2.0,0.0,0.0,1.0
2.0,0.0,1.0,0.0,0.0,0.0,0.0,2.0,1.0,1.0,1.0,2.0
0.0,1.0,0.0,0.0,0.0,0.0,1.0,1.0,1.0,0.0,0.0,1.0
0.0,0.0,0.0,0.0,0.0,1.0,0.0,0.0,3.0,0.0,3.0,2.0
1.0,0.0,1.0,0.0,0.0,0.0,0.0,2.0,0.0,0.0,1.0,2.0
1.0,0.0,1.0,0.0,0.0,1.0,0.0,2.0,1.0,0.0,0.0,1.0
0.0,0.0,1.0,0.0,0.0,1.0,2.0,0.0,1.0,0.0,1.0,1.0
1.0,0.0,1.0,0.0,0.0,1.0,0.0,2.0,1.0,0.0,0.0,1.0
1.0,1.0,2.0,0.0,0.0,0.0,0.0,3.0,1.0,0.0,0.0,1.0
1.0,1.0,0.0,0.0,0.0,1.0,0.0,2.0,2.0,0.0,0.0,1.0
1.0,1.0,1.0,1.0,0.0,1.0,1.0,2.0,1.0,0.0,0.0,1.0
2.0,0.0,2.0,0.0,0.0,0.0,0.0,2.0,0.0,0.0,0.0,1.0
2.0,1.0,2.0,0.0,0.0,0.0,0.0,2.0,1.0,0.0,0.0,1.0
1.0,1.0,0.0,0.0,0.0,0.0,0.0,1.0,1.0,0.0,0.0,1.0
2.0,1.0,1.0,0.0,0.0,0.0,0.0,2.0,0.0,0.0,0.0,1.0
1.0,2.0,1.0,0.0,0.0,0.0,0.0,1.0,1.0,0.0,0.0,0.0
3.0,0.0,2.0,0.0,0.0,0.0,0.0,3.0,1.0,0.0,0.0,1.0
1.0,1.0,0.0,0.0,0.0,0.0,0.0,2.0,1.0,0.0,0.0,1.0
3.0,0.0,2.0,0.0,0.0,0.0,0.0,3.0,1.0,0.0,0.0,1.0
1.0,1.0,0.0,0.0,0.0,0.0,0.0,2.0,1.0,0.0,0.0,1.0
1.0,1.0,0.0,0.0,0.0,0.0,0.0,2.0,1.0,0.0,0.0,1.0
1.0,0.0,1.0,1.0,0.0,0.0,0.0,2.0,1.0,1.0,2.0,2.0
1.0,0.0,1.0,0.0,0.0,1.0,0.0,2.0,1.0,0.0,1.0,1.0
1.0,1.0,1.0,1.0,0.0,0.0,0.0,3.0,1.0,0.0,1.0,1.0
0.0,0.0,0.0,0.0,0.0,0.0,0.0,1.0,2.0,0.0,2.0,1.0
1.0,0.0,2.0,0.0,0.0,1.0,0.0,2.0,2.0,0.0,0.0,1.0
3.0,0.0,2.0,0.0,0.0,0.0,0.0,3.0,0.0,0.0,0.0,1.0
1.0,1.0,0.0,0.0,0.0,0.0,0.0,1.0,1.0,0.0,0.0,1.0
1.0,0.0,1.0,0.0,0.0,0.0,0.0,1.0,1.0,0.0,0.0,1.0
1.0,1.0,0.0,0.0,0.0,0.0,1.0,2.0,0.0,2.0,1.0,1.0
1.0,1.0,1.0,0.0,0.0,1.0,0.0,2.0,2.0,0.0,0.0,1.0
1.0,1.0,1.0,0.0,0.0,1.0,0.0,2.0,2.0,0.0,0.0,1.0
2.0,0.0,2.0,0.0,0.0,0.0,0.0,2.0,0.0,1.0,0.0,1.0
2.0,0.0,1.0,0.0,0.0,0.0,0.0,3.0,1.0,0.0,1.0,1.0
2.0,0.0,1.0,0.0,0.0,0.0,0.0,2.0,1.0,1.0,0.0,1.0
1.0,1.0,0.0,0.0,0.0,0.0,1.0,2.0,1.0,0.0,0.0,1.0
1.0,1.0,0.0,0.0,0.0,0.0,1.0,2.0,1.0,0.0,0.0,1.0
1.0,1.0,0.0,0.0,0.0,0.0,0.0,2.0,1.0,0.0,0.0,1.0
1.0,1.0,1.0,0.0,0.0,1.0,0.0,2.0,2.0,1.0,2.0,1.0
0.0,1.0,0.0,1.0,0.0,1.0,0.0,2.0,2.0,0.0,1.0,1.0
0.0,1.0,0.0,1.0,0.0,1.0,0.0,2.0,2.0,0.0,1.0,1.0
1.0,1.0,1.0,0.0,0.0,0.0,0.0,2.0,1.0,0.0,0.0,1.0
1.0,1.0,1.0,0.0,0.0,0.0,0.0,2.0,1.0,0.0,0.0,1.0
1.0,1.0,1.0,0.0,0.0,0.0,0.0,2.0,1.0,0.0,0.0,1.0
1.0,1.0,0.0,0.0,0.0,1.0,1.0,1.0,1.0,0.0,0.0,1.0
1.0,1.0,1.0,0.0,0.0,0.0,0.0,2.0,1.0,0.0,0.0,1.0
2.0,0.0,2.0,0.0,0.0,0.0,0.0,2.0,1.0,0.0,0.0,1.0
1.0,0.0,0.0,0.0,0.0,1.0,0.0,1.0,1.0,0.0,1.0,1.0
1.0,2.0,0.0,0.0,0.0,0.0,1.0,3.0,2.0,0.0,1.0,0.0
1.0,0.0,0.0,0.0,0.0,2.0,1.0,1.0,1.0,0.0,0.0,1.0
1.0,1.0,0.0,0.0,0.0,1.0,0.0,1.0,1.0,0.0,0.0,1.0
1.0,2.0,1.0,0.0,0.0,1.0,1.0,2.0,1.0,0.0,0.0,1.0
1.0,2.0,1.0,0.0,0.0,1.0,1.0,2.0,1.0,0.0,0.0,1.0
1.0,2.0,0.0,0.0,0.0,0.0,0.0,1.0,1.0,0.0,1.0,2.0
1.0,0.0,1.0,0.0,0.0,1.0,0.0,2.0,1.0,2.0,1.0,1.0
1.0,1.0,1.0,0.0,0.0,0.0,0.0,2.0,2.0,0.0,0.0,1.0
1.0,1.0,1.0,0.0,0.0,1.0,0.0,2.0,2.0,0.0,0.0,1.0
1.0,1.0,1.0,0.0,0.0,0.0,0.0,2.0,2.0,0.0,0.0,1.0
1.0,1.0,1.0,0.0,0.0,1.0,0.0,2.0,2.0,0.0,0.0,1.0
1.0,1.0,1.0,0.0,0.0,0.0,0.0,2.0,2.0,0.0,0.0,1.0
1.0,1.0,0.0,1.0,0.0,0.0,0.0,2.0,1.0,0.0,1.0,2.0
0.0,1.0,0.0,0.0,0.0,0.0,0.0,2.0,2.0,0.0,1.0,1.0
1.0,1.0,0.0,0.0,0.0,0.0,0.0,1.0,1.0,0.0,1.0,0.0
1.0,0.0,1.0,0.0,0.0,0.0,0.0,1.0,1.0,0.0,1.0,2.0
0.0,0.0,1.0,2.0,0.0,1.0,2.0,1.0,1.0,0.0,1.0,1.0
2.0,0.0,1.0,0.0,0.0,0.0,0.0,2.0,0.0,0.0,0.0,1.0
1.0,2.0,1.0,0.0,0.0,1.0,2.0,3.0,2.0,0.0,1.0,1.0
3.0,0.0,2.0,1.0,0.0,1.0,0.0,2.0,0.0,1.0,3.0,1.0
1.0,0.0,2.0,0.0,0.0,0.0,0.0,2.0,1.0,0.0,2.0,1.0
1.0,0.0,1.0,0.0,0.0,0.0,0.0,2.0,1.0,0.0,0.0,1.0
1.0,1.0,0.0,0.0,0.0,1.0,0.0,3.0,1.0,0.0,0.0,1.0
2.0,0.0,1.0,0.0,0.0,0.0,0.0,2.0,0.0,0.0,0.0,1.0
2.0,1.0,2.0,0.0,0.0,1.0,0.0,2.0,0.0,0.0,1.0,2.0
0.0,1.0,0.0,0.0,0.0,0.0,0.0,2.0,1.0,1.0,0.0,1.0
0.0,1.0,0.0,0.0,0.0,0.0,0.0,2.0,2.0,0.0,1.0,0.0
0.0,1.0,0.0,0.0,0.0,0.0,0.0,2.0,1.0,1.0,0.0,1.0
1.0,0.0,1.0,0.0,0.0,0.0,0.0,2.0,1.0,0.0,0.0,1.0
0.0,1.0,0.0,0.0,0.0,0.0,0.0,2.0,1.0,0.0,0.0,1.0
1.0,0.0,1.0,0.0,0.0,0.0,0.0,2.0,0.0,1.0,1.0,1.0
2.0,0.0,2.0,0.0,0.0,0.0,0.0,2.0,0.0,0.0,1.0,1.0
1.0,1.0,0.0,0.0,0.0,1.0,0.0,2.0,1.0,0.0,0.0,1.0
1.0,1.0,1.0,0.0,1.0,0.0,0.0,2.0,1.0,0.0,0.0,1.0
2.0,0.0,1.0,0.0,0.0,0.0,0.0,2.0,0.0,0.0,0.0,1.0
1.0,1.0,1.0,0.0,0.0,0.0,0.0,1.0,1.0,0.0,1.0,1.0
2.0,0.0,1.0,0.0,0.0,0.0,0.0,2.0,0.0,0.0,0.0,1.0
0.0,0.0,0.0,0.0,0.0,1.0,0.0,1.0,1.0,0.0,0.0,1.0
1.0,1.0,0.0,0.0,0.0,0.0,0.0,1.0,1.0,0.0,0.0,1.0
1.0,3.0,1.0,0.0,0.0,1.0,2.0,2.0,1.0,0.0,0.0,1.0
1.0,1.0,0.0,0.0,0.0,0.0,0.0,1.0,1.0,0.0,0.0,1.0
2.0,0.0,1.0,0.0,0.0,0.0,0.0,2.0,1.0,0.0,0.0,1.0
1.0,0.0,1.0,0.0,0.0,0.0,0.0,2.0,1.0,0.0,1.0,1.0
2.0,0.0,1.0,0.0,0.0,0.0,0.0,2.0,1.0,0.0,0.0,1.0
1.0,1.0,0.0,0.0,0.0,0.0,0.0,2.0,2.0,0.0,0.0,1.0
1.0,1.0,0.0,0.0,0.0,2.0,1.0,2.0,2.0,0.0,0.0,1.0
2.0,0.0,1.0,0.0,0.0,1.0,0.0,2.0,1.0,0.0,0.0,1.0
3.0,0.0,2.0,0.0,0.0,0.0,0.0,3.0,1.0,0.0,0.0,1.0
1.0,0.0,0.0,0.0,0.0,0.0,0.0,1.0,1.0,0.0,1.0,1.0
1.0,0.0,1.0,0.0,0.0,1.0,0.0,2.0,1.0,0.0,0.0,1.0
1.0,1.0,0.0,0.0,0.0,0.0,0.0,2.0,1.0,0.0,1.0,1.0
1.0,2.0,1.0,0.0,0.0,1.0,2.0,2.0,1.0,0.0,0.0,1.0
1.0,1.0,0.0,0.0,0.0,0.0,0.0,2.0,1.0,0.0,1.0,1.0
0.0,1.0,0.0,0.0,0.0,0.0,0.0,2.0,2.0,0.0,0.0,1.0
1.0,1.0,0.0,0.0,0.0,0.0,0.0,2.0,1.0,0.0,0.0,1.0
1.0,1.0,0.0,0.0,0.0,0.0,0.0,1.0,2.0,0.0,0.0,1.0
1.0,0.0,1.0,0.0,0.0,0.0,0.0,2.0,1.0,1.0,0.0,1.0
0.0,2.0,0.0,0.0,0.0,0.0,0.0,1.0,2.0,0.0,1.0,0.0
1.0,2.0,0.0,0.0,0.0,0.0,1.0,2.0,2.0,0.0,0.0,1.0
1.0,1.0,2.0,0.0,2.0,0.0,0.0,2.0,0.0,2.0,0.0,1.0
1.0,0.0,1.0,0.0,0.0,1.0,1.0,2.0,1.0,0.0,0.0,1.0
1.0,0.0,1.0,0.0,0.0,1.0,1.0,2.0,1.0,0.0,0.0,1.0
0.0,0.0,0.0,0.0,0.0,0.0,0.0,0.0,3.0,0.0,2.0,1.0
0.0,1.0,0.0,0.0,0.0,0.0,0.0,2.0,2.0,0.0,0.0,1.0
0.0,1.0,0.0,0.0,0.0,0.0,0.0,2.0,2.0,0.0,0.0,1.0
1.0,1.0,1.0,0.0,0.0,0.0,0.0,2.0,1.0,0.0,0.0,1.0
2.0,0.0,2.0,0.0,0.0,0.0,0.0,2.0,1.0,0.0,1.0,1.0
2.0,2.0,1.0,0.0,0.0,1.0,1.0,2.0,1.0,0.0,1.0,1.0
0.0,1.0,0.0,0.0,0.0,0.0,0.0,2.0,2.0,0.0,0.0,1.0
0.0,1.0,0.0,0.0,0.0,0.0,0.0,2.0,2.0,0.0,0.0,1.0
1.0,0.0,1.0,0.0,0.0,1.0,1.0,2.0,1.0,0.0,0.0,0.0
1.0,1.0,0.0,0.0,0.0,0.0,0.0,2.0,1.0,0.0,0.0,0.0
1.0,2.0,0.0,1.0,0.0,0.0,0.0,2.0,1.0,0.0,0.0,1.0
0.0,1.0,0.0,0.0,0.0,0.0,0.0,1.0,2.0,0.0,0.0,1.0
0.0,1.0,0.0,0.0,0.0,0.0,0.0,1.0,1.0,0.0,1.0,1.0
1.0,1.0,0.0,0.0,0.0,0.0,0.0,1.0,1.0,0.0,1.0,1.0
1.0,0.0,1.0,0.0,0.0,0.0,0.0,2.0,1.0,0.0,0.0,1.0
2.0,2.0,1.0,0.0,0.0,1.0,1.0,2.0,1.0,0.0,1.0,1.0
1.0,1.0,1.0,0.0,0.0,0.0,1.0,2.0,2.0,0.0,0.0,1.0
1.0,1.0,0.0,0.0,0.0,0.0,0.0,2.0,1.0,0.0,0.0,1.0
1.0,0.0,1.0,0.0,0.0,0.0,0.0,2.0,1.0,0.0,0.0,1.0
1.0,1.0,1.0,0.0,0.0,1.0,1.0,2.0,1.0,0.0,0.0,1.0
0.0,1.0,0.0,0.0,0.0,0.0,0.0,1.0,1.0,0.0,0.0,1.0
1.0,0.0,1.0,0.0,0.0,0.0,0.0,2.0,1.0,0.0,0.0,1.0
1.0,0.0,0.0,0.0,0.0,0.0,0.0,1.0,1.0,0.0,0.0,1.0
1.0,1.0,0.0,0.0,0.0,0.0,0.0,2.0,1.0,0.0,0.0,1.0
0.0,1.0,0.0,0.0,0.0,0.0,0.0,2.0,2.0,0.0,0.0,1.0
1.0,1.0,0.0,0.0,0.0,0.0,0.0,2.0,1.0,0.0,0.0,1.0
1.0,0.0,0.0,0.0,0.0,1.0,1.0,2.0,1.0,0.0,0.0,1.0
1.0,0.0,0.0,0.0,0.0,0.0,0.0,1.0,1.0,0.0,0.0,1.0
0.0,0.0,1.0,0.0,0.0,1.0,1.0,1.0,0.0,3.0,0.0,1.0
1.0,2.0,0.0,0.0,0.0,0.0,0.0,1.0,2.0,0.0,1.0,0.0
1.0,1.0,0.0,0.0,0.0,0.0,0.0,2.0,1.0,0.0,1.0,1.0
1.0,1.0,0.0,0.0,0.0,0.0,0.0,2.0,2.0,0.0,1.0,1.0
0.0,1.0,0.0,0.0,0.0,0.0,0.0,2.0,2.0,0.0,0.0,1.0
0.0,1.0,0.0,0.0,0.0,0.0,0.0,2.0,2.0,0.0,0.0,1.0
0.0,2.0,0.0,0.0,0.0,1.0,0.0,1.0,2.0,0.0,2.0,1.0
1.0,1.0,2.0,0.0,2.0,0.0,0.0,2.0,1.0,0.0,0.0,1.0
1.0,2.0,0.0,0.0,0.0,0.0,0.0,2.0,2.0,0.0,1.0,1.0
0.0,1.0,0.0,0.0,0.0,0.0,0.0,1.0,2.0,0.0,0.0,1.0
0.0,0.0,1.0,0.0,0.0,0.0,0.0,2.0,2.0,0.0,0.0,1.0
1.0,1.0,0.0,0.0,0.0,0.0,0.0,2.0,2.0,0.0,0.0,1.0
1.0,2.0,0.0,0.0,0.0,0.0,0.0,1.0,1.0,0.0,0.0,1.0
1.0,2.0,0.0,0.0,0.0,0.0,0.0,1.0,1.0,0.0,0.0,1.0
1.0,1.0,0.0,0.0,0.0,1.0,0.0,2.0,2.0,0.0,0.0,1.0
1.0,0.0,0.0,0.0,0.0,1.0,1.0,2.0,1.0,0.0,0.0,1.0
1.0,1.0,0.0,0.0,0.0,1.0,0.0,2.0,1.0,0.0,0.0,1.0
1.0,1.0,1.0,0.0,0.0,0.0,0.0,1.0,2.0,0.0,1.0,1.0
1.0,1.0,0.0,0.0,0.0,1.0,1.0,2.0,1.0,0.0,0.0,1.0
0.0,1.0,0.0,0.0,0.0,0.0,0.0,2.0,2.0,0.0,0.0,1.0
2.0,0.0,2.0,0.0,0.0,1.0,1.0,2.0,1.0,0.0,0.0,1.0
2.0,0.0,2.0,0.0,0.0,1.0,1.0,2.0,1.0,0.0,0.0,1.0
0.0,1.0,0.0,0.0,0.0,0.0,0.0,2.0,2.0,0.0,0.0,1.0
1.0,0.0,1.0,0.0,0.0,0.0,0.0,2.0,1.0,0.0,0.0,1.0
1.0,0.0,1.0,0.0,0.0,0.0,0.0,2.0,1.0,0.0,0.0,1.0
0.0,1.0,0.0,0.0,0.0,0.0,0.0,2.0,2.0,0.0,0.0,1.0
0.0,1.0,0.0,0.0,0.0,0.0,0.0,2.0,2.0,0.0,0.0,1.0
1.0,1.0,0.0,0.0,0.0,0.0,0.0,2.0,1.0,0.0,0.0,1.0
1.0,1.0,0.0,0.0,0.0,0.0,0.0,2.0,1.0,0.0,0.0,1.0
1.0,1.0,0.0,0.0,0.0,1.0,0.0,2.0,2.0,0.0,0.0,1.0
1.0,1.0,0.0,0.0,0.0,0.0,0.0,2.0,1.0,0.0,0.0,1.0
1.0,0.0,2.0,0.0,2.0,0.0,0.0,1.0,1.0,1.0,0.0,1.0
1.0,2.0,0.0,0.0,0.0,1.0,0.0,1.0,2.0,0.0,1.0,1.0
0.0,2.0,0.0,0.0,0.0,0.0,0.0,1.0,2.0,0.0,1.0,1.0
1.0,2.0,0.0,0.0,0.0,0.0,0.0,1.0,1.0,0.0,0.0,1.0
1.0,2.0,0.0,0.0,0.0,0.0,0.0,1.0,1.0,0.0,0.0,1.0
1.0,0.0,0.0,0.0,0.0,1.0,1.0,2.0,1.0,0.0,0.0,1.0
1.0,1.0,1.0,0.0,0.0,0.0,1.0,2.0,1.0,0.0,0.0,1.0
1.0,1.0,1.0,0.0,0.0,0.0,0.0,2.0,1.0,0.0,0.0,1.0
1.0,1.0,0.0,0.0,0.0,0.0,0.0,2.0,1.0,0.0,0.0,1.0
1.0,1.0,1.0,0.0,0.0,0.0,0.0,2.0,1.0,0.0,0.0,1.0
1.0,1.0,0.0,0.0,0.0,0.0,0.0,2.0,1.0,0.0,0.0,1.0
1.0,1.0,0.0,0.0,0.0,0.0,0.0,2.0,1.0,0.0,0.0,1.0
1.0,1.0,0.0,0.0,0.0,0.0,0.0,2.0,1.0,0.0,0.0,1.0
1.0,1.0,1.0,0.0,0.0,0.0,1.0,2.0,2.0,0.0,0.0,1.0
0.0,1.0,0.0,0.0,0.0,1.0,1.0,2.0,2.0,0.0,0.0,1.0
1.0,1.0,0.0,0.0,0.0,0.0,0.0,1.0,2.0,0.0,0.0,1.0
0.0,1.0,0.0,0.0,0.0,1.0,1.0,2.0,2.0,0.0,0.0,1.0
1.0,1.0,1.0,0.0,0.0,1.0,1.0,2.0,1.0,0.0,0.0,1.0
1.0,1.0,1.0,0.0,0.0,1.0,1.0,2.0,1.0,0.0,0.0,1.0
1.0,0.0,1.0,0.0,0.0,0.0,0.0,2.0,1.0,1.0,0.0,1.0
1.0,0.0,1.0,0.0,0.0,0.0,0.0,2.0,1.0,1.0,0.0,1.0
0.0,2.0,0.0,0.0,0.0,0.0,0.0,1.0,2.0,0.0,0.0,1.0
0.0,1.0,0.0,0.0,1.0,0.0,0.0,1.0,2.0,0.0,1.0,1.0
0.0,1.0,0.0,0.0,1.0,0.0,0.0,1.0,2.0,0.0,1.0,1.0
1.0,0.0,1.0,0.0,0.0,0.0,0.0,2.0,1.0,0.0,1.0,1.0
0.0,1.0,0.0,0.0,0.0,1.0,1.0,2.0,2.0,0.0,0.0,1.0
0.0,1.0,0.0,0.0,1.0,0.0,0.0,1.0,1.0,0.0,0.0,1.0
0.0,0.0,0.0,0.0,0.0,0.0,0.0,2.0,2.0,0.0,0.0,1.0
1.0,1.0,0.0,0.0,0.0,1.0,1.0,2.0,1.0,0.0,0.0,1.0
0.0,0.0,0.0,0.0,0.0,0.0,0.0,2.0,2.0,0.0,0.0,1.0
0.0,1.0,0.0,0.0,0.0,1.0,1.0,2.0,2.0,0.0,0.0,1.0
1.0,0.0,1.0,0.0,0.0,0.0,0.0,2.0,1.0,0.0,0.0,1.0
1.0,0.0,1.0,0.0,0.0,0.0,0.0,2.0,1.0,0.0,0.0,1.0
1.0,1.0,0.0,0.0,0.0,1.0,0.0,2.0,1.0,0.0,1.0,1.0
1.0,1.0,0.0,0.0,0.0,1.0,0.0,2.0,1.0,0.0,1.0,1.0
1.0,1.0,0.0,0.0,0.0,1.0,1.0,2.0,1.0,0.0,0.0,1.0
0.0,0.0,1.0,0.0,0.0,0.0,1.0,2.0,1.0,0.0,0.0,1.0
1.0,1.0,0.0,0.0,0.0,1.0,1.0,2.0,1.0,0.0,0.0,1.0
0.0,1.0,0.0,0.0,0.0,0.0,1.0,2.0,2.0,0.0,0.0,1.0
1.0,1.0,0.0,0.0,0.0,0.0,0.0,1.0,2.0,0.0,1.0,1.0
1.0,0.0,2.0,0.0,0.0,0.0,0.0,1.0,1.0,0.0,2.0,1.0
2.0,2.0,1.0,0.0,0.0,0.0,0.0,2.0,0.0,2.0,1.0,1.0
1.0,0.0,1.0,0.0,0.0,1.0,0.0,2.0,1.0,0.0,0.0,1.0
1.0,0.0,1.0,0.0,0.0,1.0,0.0,1.0,1.0,1.0,1.0,2.0
1.0,1.0,1.0,0.0,0.0,0.0,0.0,2.0,1.0,0.0,1.0,1.0
1.0,1.0,1.0,0.0,0.0,0.0,0.0,2.0,1.0,0.0,1.0,1.0
0.0,1.0,0.0,0.0,0.0,1.0,1.0,1.0,1.0,0.0,0.0,1.0
1.0,1.0,0.0,0.0,0.0,0.0,0.0,2.0,1.0,0.0,0.0,1.0
0.0,1.0,0.0,0.0,0.0,0.0,1.0,0.0,2.0,1.0,2.0,2.0
1.0,1.0,0.0,0.0,0.0,0.0,0.0,2.0,1.0,0.0,0.0,1.0
1.0,1.0,0.0,0.0,0.0,0.0,0.0,1.0,1.0,0.0,0.0,1.0
1.0,0.0,1.0,0.0,0.0,0.0,0.0,1.0,1.0,0.0,2.0,2.0
1.0,0.0,1.0,0.0,0.0,0.0,0.0,1.0,1.0,0.0,2.0,2.0
1.0,0.0,1.0,0.0,0.0,0.0,0.0,1.0,1.0,0.0,2.0,2.0
0.0,1.0,0.0,0.0,1.0,0.0,0.0,2.0,1.0,1.0,0.0,1.0
1.0,0.0,1.0,0.0,0.0,0.0,0.0,2.0,1.0,0.0,1.0,1.0
0.0,1.0,0.0,0.0,0.0,0.0,0.0,1.0,1.0,0.0,1.0,1.0
2.0,1.0,2.0,0.0,0.0,0.0,0.0,2.0,1.0,0.0,1.0,1.0
2.0,0.0,1.0,0.0,0.0,1.0,0.0,2.0,1.0,0.0,1.0,1.0
0.0,0.0,0.0,0.0,0.0,0.0,0.0,1.0,2.0,0.0,1.0,0.0
2.0,0.0,2.0,0.0,0.0,1.0,0.0,2.0,1.0,1.0,1.0,1.0
2.0,0.0,1.0,0.0,0.0,1.0,0.0,2.0,1.0,0.0,1.0,1.0
1.0,1.0,0.0,0.0,0.0,0.0,0.0,2.0,1.0,0.0,1.0,1.0
2.0,0.0,1.0,0.0,0.0,1.0,0.0,1.0,1.0,0.0,2.0,1.0
0.0,1.0,0.0,0.0,0.0,1.0,0.0,1.0,1.0,0.0,0.0,1.0
1.0,1.0,0.0,0.0,0.0,0.0,0.0,2.0,1.0,0.0,0.0,1.0
0.0,1.0,0.0,0.0,0.0,0.0,0.0,1.0,1.0,0.0,0.0,1.0
0.0,0.0,0.0,0.0,0.0,0.0,0.0,0.0,3.0,0.0,3.0,2.0
0.0,1.0,0.0,0.0,0.0,0.0,0.0,2.0,2.0,0.0,0.0,1.0
0.0,1.0,0.0,0.0,0.0,0.0,0.0,2.0,2.0,0.0,0.0,1.0
0.0,0.0,1.0,0.0,0.0,0.0,0.0,1.0,1.0,0.0,1.0,1.0
0.0,0.0,0.0,0.0,0.0,0.0,0.0,1.0,1.0,0.0,1.0,1.0
1.0,0.0,1.0,0.0,0.0,0.0,0.0,1.0,2.0,0.0,1.0,2.0
0.0,0.0,0.0,0.0,0.0,0.0,0.0,1.0,1.0,0.0,1.0,1.0
1.0,1.0,0.0,0.0,0.0,1.0,0.0,1.0,2.0,0.0,2.0,2.0
0.0,1.0,0.0,0.0,0.0,0.0,0.0,1.0,2.0,1.0,1.0,1.0
1.0,1.0,0.0,0.0,0.0,0.0,0.0,1.0,2.0,0.0,1.0,0.0
0.0,1.0,0.0,0.0,0.0,0.0,0.0,1.0,2.0,1.0,1.0,1.0
2.0,0.0,1.0,0.0,0.0,1.0,0.0,2.0,2.0,1.0,0.0,0.0
2.0,0.0,1.0,0.0,0.0,1.0,0.0,2.0,2.0,1.0,0.0,0.0
1.0,1.0,1.0,0.0,0.0,0.0,0.0,2.0,1.0,0.0,0.0,1.0
1.0,1.0,0.0,0.0,0.0,1.0,0.0,1.0,2.0,0.0,0.0,1.0
0.0,0.0,1.0,0.0,0.0,1.0,1.0,0.0,1.0,0.0,2.0,2.0
0.0,0.0,1.0,0.0,0.0,1.0,1.0,0.0,1.0,0.0,2.0,2.0
1.0,0.0,1.0,0.0,0.0,0.0,0.0,1.0,1.0,1.0,1.0,2.0
0.0,1.0,0.0,0.0,0.0,0.0,0.0,1.0,2.0,0.0,0.0,1.0
2.0,0.0,1.0,0.0,0.0,0.0,0.0,2.0,1.0,1.0,2.0,2.0
0.0,1.0,0.0,0.0,0.0,1.0,0.0,1.0,2.0,0.0,1.0,1.0
2.0,1.0,1.0,0.0,0.0,1.0,0.0,2.0,1.0,0.0,1.0,1.0
0.0,1.0,1.0,0.0,0.0,0.0,1.0,1.0,1.0,0.0,0.0,1.0
1.0,0.0,1.0,0.0,0.0,1.0,0.0,1.0,1.0,1.0,1.0,1.0
0.0,1.0,0.0,0.0,0.0,0.0,0.0,2.0,2.0,0.0,0.0,1.0
0.0,1.0,0.0,0.0,0.0,0.0,0.0,2.0,2.0,0.0,0.0,1.0
0.0,1.0,0.0,0.0,0.0,0.0,0.0,2.0,2.0,0.0,0.0,1.0
0.0,1.0,0.0,0.0,0.0,0.0,0.0,2.0,2.0,0.0,0.0,1.0
0.0,1.0,0.0,0.0,0.0,0.0,0.0,2.0,2.0,0.0,0.0,1.0
1.0,0.0,1.0,0.0,0.0,0.0,0.0,2.0,1.0,0.0,0.0,1.0
1.0,0.0,1.0,0.0,0.0,0.0,0.0,2.0,1.0,0.0,0.0,1.0
1.0,0.0,1.0,0.0,0.0,1.0,1.0,2.0,1.0,1.0,0.0,1.0
1.0,0.0,1.0,0.0,0.0,2.0,0.0,1.0,2.0,0.0,1.0,1.0
1.0,0.0,1.0,0.0,0.0,2.0,0.0,1.0,2.0,0.0,1.0,1.0
1.0,1.0,0.0,0.0,0.0,0.0,0.0,1.0,2.0,0.0,2.0,2.0
1.0,0.0,1.0,0.0,0.0,2.0,0.0,1.0,2.0,0.0,1.0,1.0
1.0,0.0,1.0,0.0,0.0,0.0,0.0,1.0,2.0,1.0,1.0,2.0
2.0,0.0,1.0,0.0,0.0,0.0,0.0,1.0,1.0,0.0,1.0,2.0
0.0,1.0,0.0,0.0,0.0,0.0,0.0,1.0,2.0,1.0,1.0,1.0
0.0,1.0,0.0,0.0,0.0,0.0,1.0,2.0,2.0,0.0,0.0,1.0
0.0,2.0,2.0,0.0,0.0,0.0,1.0,1.0,2.0,0.0,1.0,1.0
1.0,0.0,1.0,0.0,0.0,0.0,0.0,1.0,1.0,0.0,1.0,1.0
0.0,1.0,0.0,0.0,0.0,0.0,1.0,2.0,2.0,0.0,0.0,1.0
0.0,1.0,0.0,0.0,0.0,0.0,1.0,2.0,2.0,0.0,0.0,1.0
0.0,1.0,0.0,0.0,0.0,0.0,1.0,2.0,2.0,0.0,0.0,1.0
0.0,1.0,0.0,0.0,0.0,0.0,0.0,1.0,2.0,1.0,1.0,1.0
0.0,1.0,0.0,0.0,0.0,0.0,0.0,1.0,2.0,1.0,1.0,1.0
0.0,1.0,0.0,0.0,0.0,0.0,0.0,1.0,2.0,1.0,1.0,1.0
1.0,1.0,0.0,0.0,0.0,1.0,0.0,1.0,2.0,0.0,1.0,1.0
1.0,1.0,0.0,0.0,0.0,1.0,0.0,1.0,2.0,0.0,2.0,1.0
0.0,1.0,0.0,0.0,0.0,1.0,0.0,1.0,2.0,0.0,1.0,1.0
0.0,0.0,0.0,0.0,0.0,1.0,0.0,1.0,2.0,0.0,0.0,0.0
1.0,0.0,1.0,0.0,0.0,0.0,0.0,1.0,1.0,0.0,1.0,2.0
2.0,0.0,1.0,0.0,0.0,0.0,0.0,1.0,1.0,0.0,2.0,2.0
1.0,0.0,1.0,0.0,0.0,0.0,0.0,1.0,1.0,1.0,2.0,2.0
0.0,0.0,0.0,0.0,0.0,0.0,0.0,1.0,2.0,0.0,1.0,0.0
1.0,1.0,0.0,0.0,0.0,1.0,0.0,1.0,2.0,0.0,2.0,1.0
1.0,1.0,0.0,0.0,0.0,1.0,0.0,2.0,1.0,0.0,0.0,1.0
0.0,1.0,0.0,0.0,0.0,0.0,1.0,2.0,2.0,0.0,0.0,1.0
1.0,1.0,0.0,0.0,0.0,0.0,0.0,1.0,1.0,0.0,0.0,1.0
1.0,1.0,0.0,0.0,0.0,1.0,0.0,1.0,2.0,0.0,1.0,1.0
1.0,0.0,1.0,0.0,1.0,0.0,0.0,1.0,1.0,1.0,2.0,1.0
0.0,1.0,0.0,0.0,0.0,0.0,1.0,2.0,2.0,0.0,0.0,1.0
1.0,1.0,0.0,0.0,0.0,1.0,0.0,2.0,1.0,0.0,0.0,1.0
1.0,1.0,0.0,0.0,0.0,0.0,0.0,2.0,1.0,0.0,1.0,1.0
1.0,1.0,0.0,0.0,0.0,0.0,0.0,2.0,1.0,0.0,1.0,1.0
2.0,1.0,1.0,0.0,0.0,1.0,0.0,1.0,1.0,1.0,2.0,2.0
0.0,1.0,0.0,0.0,0.0,1.0,0.0,1.0,2.0,0.0,1.0,1.0
2.0,2.0,1.0,1.0,0.0,1.0,1.0,3.0,1.0,0.0,0.0,1.0
0.0,0.0,0.0,0.0,0.0,1.0,0.0,1.0,2.0,0.0,1.0,1.0
0.0,1.0,0.0,0.0,0.0,0.0,1.0,2.0,2.0,0.0,0.0,1.0
1.0,0.0,0.0,0.0,0.0,0.0,0.0,2.0,1.0,0.0,0.0,1.0
0.0,1.0,0.0,0.0,0.0,0.0,1.0,2.0,2.0,0.0,0.0,1.0
0.0,1.0,0.0,0.0,0.0,0.0,1.0,2.0,2.0,0.0,0.0,1.0
0.0,1.0,0.0,0.0,0.0,1.0,0.0,1.0,2.0,0.0,1.0,1.0
1.0,0.0,1.0,0.0,0.0,0.0,0.0,1.0,1.0,1.0,2.0,2.0
0.0,1.0,0.0,0.0,0.0,1.0,0.0,1.0,2.0,0.0,1.0,1.0
1.0,0.0,1.0,0.0,0.0,0.0,0.0,1.0,1.0,1.0,2.0,2.0
1.0,2.0,0.0,0.0,0.0,0.0,0.0,2.0,2.0,0.0,1.0,0.0
1.0,0.0,1.0,0.0,0.0,0.0,0.0,1.0,2.0,0.0,2.0,1.0
0.0,1.0,0.0,0.0,0.0,0.0,0.0,2.0,2.0,0.0,1.0,2.0
0.0,1.0,0.0,0.0,0.0,0.0,0.0,2.0,2.0,0.0,1.0,2.0
0.0,1.0,0.0,1.0,0.0,0.0,0.0,1.0,2.0,0.0,1.0,2.0
0.0,1.0,0.0,1.0,0.0,0.0,0.0,1.0,2.0,0.0,1.0,2.0
1.0,1.0,0.0,0.0,0.0,0.0,1.0,2.0,1.0,0.0,0.0,1.0
0.0,1.0,1.0,0.0,0.0,0.0,1.0,1.0,2.0,0.0,1.0,1.0
0.0,1.0,0.0,0.0,0.0,0.0,0.0,1.0,2.0,0.0,1.0,1.0
0.0,1.0,0.0,0.0,0.0,1.0,0.0,1.0,2.0,0.0,1.0,1.0
0.0,0.0,1.0,0.0,0.0,0.0,0.0,0.0,1.0,0.0,1.0,1.0
1.0,0.0,1.0,0.0,0.0,0.0,0.0,1.0,1.0,0.0,2.0,1.0
1.0,0.0,1.0,2.0,0.0,0.0,0.0,2.0,1.0,0.0,1.0,1.0
1.0,0.0,1.0,0.0,0.0,0.0,0.0,1.0,1.0,0.0,2.0,1.0
1.0,0.0,1.0,1.0,0.0,0.0,0.0,1.0,1.0,0.0,2.0,2.0
0.0,0.0,1.0,0.0,0.0,0.0,0.0,0.0,1.0,0.0,1.0,1.0
1.0,0.0,1.0,0.0,0.0,0.0,0.0,1.0,1.0,0.0,2.0,1.0
0.0,1.0,0.0,0.0,0.0,0.0,0.0,1.0,2.0,0.0,1.0,1.0
0.0,0.0,1.0,2.0,0.0,1.0,0.0,2.0,2.0,0.0,1.0,1.0
1.0,0.0,1.0,0.0,0.0,1.0,1.0,1.0,1.0,0.0,1.0,1.0
1.0,1.0,0.0,0.0,0.0,2.0,0.0,1.0,2.0,1.0,2.0,1.0
1.0,0.0,1.0,0.0,0.0,0.0,0.0,2.0,1.0,0.0,1.0,1.0
1.0,0.0,1.0,0.0,0.0,1.0,1.0,1.0,1.0,0.0,1.0,1.0
1.0,1.0,0.0,0.0,0.0,2.0,0.0,1.0,2.0,1.0,2.0,1.0
0.0,0.0,1.0,2.0,0.0,1.0,0.0,2.0,2.0,0.0,1.0,1.0
1.0,0.0,1.0,0.0,0.0,0.0,0.0,1.0,1.0,1.0,1.0,1.0
1.0,0.0,1.0,0.0,0.0,2.0,1.0,1.0,2.0,1.0,1.0,2.0
1.0,0.0,1.0,0.0,0.0,2.0,0.0,2.0,2.0,1.0,1.0,1.0
1.0,1.0,0.0,0.0,0.0,0.0,0.0,2.0,1.0,0.0,0.0,0.0
1.0,0.0,1.0,0.0,0.0,0.0,0.0,1.0,1.0,1.0,1.0,1.0
1.0,0.0,1.0,0.0,0.0,0.0,0.0,1.0,1.0,0.0,2.0,2.0
0.0,1.0,0.0,0.0,0.0,0.0,0.0,2.0,2.0,0.0,1.0,1.0
0.0,1.0,0.0,0.0,0.0,0.0,0.0,2.0,2.0,0.0,0.0,1.0
1.0,0.0,1.0,0.0,0.0,1.0,0.0,2.0,2.0,0.0,0.0,1.0
0.0,1.0,0.0,0.0,0.0,0.0,0.0,2.0,2.0,0.0,0.0,1.0
0.0,1.0,0.0,0.0,0.0,0.0,0.0,2.0,2.0,0.0,1.0,1.0
1.0,0.0,1.0,0.0,0.0,1.0,0.0,1.0,2.0,0.0,2.0,1.0
1.0,0.0,1.0,0.0,0.0,1.0,0.0,1.0,2.0,0.0,2.0,1.0
2.0,1.0,1.0,0.0,0.0,0.0,0.0,2.0,1.0,0.0,1.0,0.0
0.0,0.0,1.0,0.0,0.0,1.0,0.0,1.0,1.0,0.0,2.0,2.0
0.0,0.0,0.0,0.0,0.0,0.0,0.0,1.0,2.0,0.0,1.0,1.0
1.0,0.0,2.0,0.0,0.0,0.0,0.0,1.0,1.0,1.0,2.0,2.0
1.0,0.0,1.0,1.0,0.0,0.0,0.0,1.0,1.0,0.0,2.0,2.0
1.0,0.0,1.0,0.0,0.0,0.0,0.0,2.0,1.0,0.0,0.0,2.0
1.0,1.0,1.0,0.0,0.0,0.0,0.0,2.0,1.0,0.0,0.0,2.0
1.0,0.0,1.0,0.0,0.0,0.0,0.0,1.0,1.0,0.0,2.0,2.0
1.0,0.0,1.0,0.0,0.0,0.0,0.0,1.0,1.0,1.0,1.0,2.0
1.0,0.0,2.0,0.0,0.0,0.0,0.0,2.0,1.0,1.0,2.0,2.0
1.0,0.0,1.0,0.0,0.0,0.0,0.0,1.0,1.0,0.0,2.0,2.0
1.0,0.0,1.0,0.0,0.0,0.0,0.0,1.0,2.0,1.0,2.0,2.0
1.0,0.0,1.0,0.0,0.0,0.0,0.0,1.0,2.0,1.0,2.0,2.0
1.0,0.0,1.0,0.0,0.0,0.0,0.0,1.0,2.0,1.0,2.0,2.0
1.0,0.0,1.0,0.0,0.0,0.0,0.0,1.0,1.0,0.0,2.0,2.0
1.0,0.0,1.0,0.0,0.0,0.0,0.0,1.0,1.0,0.0,1.0,2.0
1.0,0.0,1.0,0.0,0.0,0.0,0.0,1.0,1.0,0.0,2.0,2.0
1.0,0.0,1.0,0.0,0.0,0.0,0.0,1.0,2.0,0.0,2.0,1.0
1.0,0.0,2.0,0.0,0.0,0.0,0.0,1.0,1.0,0.0,1.0,1.0
1.0,0.0,2.0,0.0,0.0,0.0,0.0,1.0,1.0,0.0,1.0,1.0
1.0,0.0,2.0,0.0,0.0,0.0,0.0,1.0,1.0,0.0,1.0,1.0
0.0,1.0,0.0,0.0,0.0,1.0,0.0,1.0,2.0,0.0,1.0,2.0
1.0,1.0,0.0,0.0,0.0,0.0,0.0,2.0,1.0,0.0,0.0,1.0
1.0,0.0,1.0,0.0,0.0,0.0,0.0,1.0,1.0,1.0,1.0,1.0
0.0,1.0,0.0,0.0,0.0,0.0,0.0,1.0,1.0,0.0,0.0,1.0
0.0,1.0,0.0,0.0,0.0,0.0,0.0,1.0,2.0,0.0,0.0,1.0
1.0,0.0,1.0,0.0,0.0,1.0,0.0,1.0,1.0,0.0,1.0,1.0
1.0,0.0,1.0,0.0,0.0,0.0,0.0,1.0,1.0,1.0,1.0,1.0
1.0,0.0,1.0,0.0,0.0,1.0,0.0,1.0,1.0,1.0,1.0,1.0
1.0,0.0,1.0,0.0,0.0,0.0,0.0,1.0,1.0,0.0,2.0,2.0
1.0,1.0,0.0,0.0,0.0,1.0,1.0,2.0,1.0,0.0,0.0,1.0
1.0,0.0,1.0,0.0,0.0,1.0,0.0,1.0,1.0,0.0,2.0,1.0
0.0,1.0,0.0,0.0,0.0,0.0,0.0,1.0,2.0,0.0,1.0,1.0
2.0,0.0,1.0,0.0,0.0,0.0,0.0,2.0,1.0,1.0,1.0,1.0
2.0,0.0,1.0,0.0,0.0,0.0,0.0,2.0,1.0,1.0,1.0,1.0
1.0,0.0,1.0,0.0,0.0,0.0,0.0,1.0,1.0,0.0,1.0,2.0
1.0,0.0,1.0,0.0,0.0,0.0,0.0,1.0,2.0,0.0,1.0,1.0
1.0,0.0,1.0,1.0,0.0,0.0,0.0,1.0,1.0,0.0,2.0,2.0
0.0,0.0,1.0,0.0,0.0,1.0,0.0,2.0,2.0,0.0,0.0,1.0
0.0,0.0,1.0,0.0,0.0,1.0,0.0,2.0,2.0,0.0,0.0,1.0
1.0,1.0,1.0,0.0,0.0,1.0,1.0,2.0,1.0,0.0,0.0,1.0
0.0,0.0,1.0,0.0,0.0,0.0,0.0,1.0,1.0,0.0,1.0,2.0
2.0,0.0,1.0,0.0,0.0,0.0,0.0,2.0,1.0,0.0,1.0,1.0
1.0,1.0,1.0,0.0,0.0,0.0,0.0,2.0,1.0,0.0,1.0,1.0
1.0,2.0,1.0,0.0,0.0,0.0,0.0,2.0,1.0,0.0,0.0,1.0
0.0,1.0,1.0,0.0,0.0,2.0,0.0,1.0,1.0,1.0,2.0,1.0
1.0,1.0,1.0,0.0,0.0,0.0,0.0,2.0,1.0,0.0,1.0,1.0
2.0,0.0,1.0,0.0,0.0,0.0,0.0,2.0,1.0,0.0,1.0,1.0
0.0,1.0,0.0,0.0,0.0,0.0,0.0,1.0,2.0,0.0,1.0,1.0
1.0,0.0,1.0,0.0,0.0,0.0,0.0,1.0,1.0,0.0,1.0,2.0
0.0,0.0,1.0,0.0,0.0,1.0,0.0,2.0,2.0,0.0,0.0,1.0
1.0,0.0,0.0,0.0,0.0,1.0,0.0,1.0,1.0,0.0,0.0,1.0
1.0,0.0,1.0,0.0,0.0,0.0,0.0,1.0,1.0,0.0,1.0,1.0
1.0,0.0,0.0,0.0,0.0,1.0,0.0,1.0,1.0,0.0,0.0,1.0
0.0,0.0,1.0,0.0,0.0,1.0,0.0,2.0,2.0,0.0,0.0,1.0
0.0,0.0,0.0,0.0,0.0,1.0,0.0,1.0,1.0,0.0,0.0,1.0
0.0,0.0,1.0,0.0,0.0,1.0,0.0,2.0,2.0,0.0,0.0,1.0
1.0,0.0,1.0,0.0,0.0,1.0,1.0,2.0,1.0,0.0,0.0,1.0
1.0,1.0,0.0,0.0,0.0,1.0,0.0,2.0,2.0,0.0,1.0,1.0
0.0,1.0,0.0,0.0,0.0,0.0,0.0,1.0,3.0,0.0,2.0,2.0
0.0,1.0,0.0,0.0,0.0,0.0,0.0,1.0,3.0,0.0,2.0,2.0
1.0,1.0,1.0,0.0,0.0,0.0,0.0,1.0,1.0,0.0,0.0,1.0
0.0,1.0,0.0,0.0,0.0,0.0,0.0,0.0,2.0,0.0,2.0,1.0
1.0,0.0,1.0,0.0,0.0,0.0,0.0,1.0,2.0,0.0,1.0,2.0
1.0,0.0,1.0,0.0,0.0,1.0,0.0,1.0,1.0,1.0,1.0,2.0
1.0,0.0,1.0,0.0,0.0,0.0,0.0,1.0,1.0,1.0,2.0,2.0
0.0,0.0,1.0,0.0,0.0,0.0,0.0,0.0,1.0,0.0,2.0,2.0
1.0,0.0,1.0,0.0,0.0,1.0,0.0,1.0,1.0,0.0,1.0,1.0
0.0,0.0,1.0,0.0,0.0,0.0,0.0,0.0,1.0,0.0,2.0,2.0
1.0,0.0,1.0,0.0,0.0,0.0,0.0,1.0,1.0,1.0,2.0,2.0
1.0,0.0,1.0,0.0,0.0,0.0,0.0,1.0,1.0,1.0,2.0,2.0
1.0,0.0,1.0,0.0,0.0,0.0,0.0,1.0,1.0,0.0,2.0,2.0
1.0,1.0,1.0,0.0,0.0,1.0,0.0,2.0,1.0,0.0,1.0,1.0
1.0,0.0,1.0,0.0,0.0,0.0,0.0,1.0,1.0,0.0,2.0,2.0
1.0,0.0,1.0,0.0,0.0,0.0,0.0,1.0,1.0,0.0,1.0,1.0
1.0,2.0,0.0,0.0,0.0,0.0,0.0,1.0,1.0,0.0,0.0,1.0
1.0,1.0,0.0,0.0,0.0,1.0,0.0,1.0,2.0,0.0,0.0,1.0
1.0,1.0,0.0,0.0,0.0,0.0,0.0,1.0,1.0,0.0,1.0,1.0
2.0,0.0,1.0,0.0,0.0,0.0,0.0,1.0,1.0,1.0,1.0,1.0
1.0,0.0,1.0,0.0,0.0,0.0,0.0,1.0,1.0,1.0,2.0,2.0
1.0,0.0,1.0,0.0,0.0,1.0,1.0,0.0,0.0,0.0,2.0,1.0
1.0,0.0,1.0,0.0,0.0,1.0,1.0,0.0,0.0,0.0,2.0,1.0
0.0,1.0,0.0,0.0,0.0,0.0,0.0,1.0,2.0,0.0,1.0,1.0
2.0,0.0,2.0,0.0,0.0,0.0,0.0,1.0,1.0,0.0,2.0,1.0
2.0,0.0,2.0,0.0,0.0,0.0,0.0,1.0,1.0,0.0,2.0,1.0
0.0,1.0,0.0,0.0,0.0,0.0,0.0,1.0,1.0,0.0,1.0,1.0
1.0,0.0,1.0,0.0,0.0,0.0,0.0,1.0,1.0,0.0,2.0,1.0
1.0,1.0,0.0,0.0,0.0,0.0,0.0,1.0,1.0,0.0,1.0,2.0
1.0,1.0,0.0,0.0,0.0,0.0,0.0,2.0,1.0,0.0,1.0,1.0
1.0,0.0,1.0,0.0,0.0,0.0,0.0,1.0,2.0,0.0,2.0,1.0
0.0,1.0,0.0,0.0,0.0,1.0,0.0,1.0,2.0,0.0,1.0,1.0
0.0,0.0,0.0,0.0,0.0,2.0,0.0,1.0,1.0,0.0,1.0,1.0
1.0,1.0,0.0,0.0,0.0,0.0,0.0,1.0,1.0,0.0,1.0,2.0
0.0,1.0,0.0,0.0,0.0,0.0,0.0,1.0,2.0,0.0,1.0,2.0
0.0,1.0,0.0,0.0,0.0,0.0,0.0,1.0,1.0,0.0,1.0,2.0
1.0,1.0,0.0,0.0,0.0,0.0,0.0,2.0,1.0,0.0,0.0,1.0
1.0,1.0,0.0,0.0,0.0,0.0,0.0,1.0,1.0,0.0,1.0,1.0
1.0,1.0,0.0,0.0,0.0,0.0,0.0,2.0,1.0,0.0,0.0,1.0
1.0,0.0,1.0,0.0,0.0,0.0,0.0,1.0,1.0,0.0,1.0,2.0
1.0,0.0,1.0,0.0,0.0,1.0,0.0,1.0,1.0,0.0,2.0,2.0
0.0,2.0,0.0,0.0,0.0,1.0,0.0,1.0,1.0,0.0,0.0,1.0
1.0,0.0,1.0,1.0,0.0,1.0,0.0,1.0,1.0,1.0,2.0,2.0
1.0,1.0,0.0,0.0,0.0,1.0,0.0,2.0,1.0,1.0,1.0,1.0
0.0,2.0,0.0,0.0,0.0,0.0,0.0,2.0,2.0,0.0,1.0,1.0
0.0,1.0,0.0,0.0,0.0,0.0,0.0,1.0,2.0,0.0,0.0,1.0
1.0,1.0,0.0,0.0,0.0,1.0,0.0,2.0,1.0,1.0,1.0,1.0
1.0,0.0,1.0,2.0,0.0,0.0,0.0,2.0,1.0,1.0,1.0,2.0
0.0,0.0,1.0,0.0,0.0,0.0,0.0,0.0,1.0,0.0,2.0,1.0
0.0,0.0,0.0,0.0,0.0,1.0,0.0,1.0,1.0,0.0,1.0,1.0
1.0,1.0,0.0,0.0,0.0,1.0,0.0,1.0,1.0,0.0,1.0,1.0
0.0,0.0,0.0,0.0,0.0,1.0,0.0,1.0,2.0,0.0,1.0,1.0
1.0,1.0,1.0,0.0,0.0,0.0,0.0,2.0,1.0,1.0,1.0,1.0
1.0,1.0,1.0,0.0,0.0,0.0,0.0,2.0,1.0,1.0,1.0,1.0
0.0,0.0,0.0,0.0,0.0,1.0,0.0,1.0,2.0,0.0,1.0,1.0
1.0,0.0,2.0,0.0,2.0,0.0,0.0,2.0,0.0,2.0,0.0,1.0
0.0,1.0,0.0,0.0,0.0,1.0,0.0,0.0,2.0,0.0,2.0,1.0
1.0,0.0,1.0,0.0,0.0,0.0,0.0,1.0,2.0,1.0,2.0,2.0
1.0,1.0,1.0,0.0,0.0,0.0,1.0,2.0,1.0,0.0,0.0,1.0
1.0,1.0,1.0,0.0,0.0,0.0,1.0,2.0,1.0,0.0,0.0,1.0
1.0,0.0,2.0,0.0,0.0,0.0,0.0,1.0,1.0,0.0,2.0,2.0
1.0,0.0,1.0,0.0,0.0,1.0,1.0,2.0,1.0,0.0,0.0,1.0
1.0,1.0,2.0,0.0,0.0,1.0,0.0,2.0,1.0,1.0,1.0,2.0
1.0,0.0,2.0,0.0,0.0,0.0,0.0,1.0,1.0,0.0,2.0,2.0
2.0,0.0,2.0,0.0,0.0,0.0,0.0,2.0,1.0,0.0,0.0,1.0
1.0,0.0,1.0,0.0,0.0,0.0,0.0,1.0,1.0,0.0,2.0,2.0
1.0,0.0,1.0,0.0,0.0,0.0,0.0,1.0,1.0,0.0,1.0,1.0
1.0,0.0,2.0,0.0,0.0,0.0,0.0,1.0,1.0,0.0,2.0,1.0
1.0,1.0,0.0,0.0,0.0,0.0,0.0,1.0,1.0,0.0,2.0,1.0
1.0,1.0,0.0,0.0,0.0,0.0,0.0,1.0,1.0,0.0,1.0,1.0
0.0,1.0,0.0,0.0,0.0,0.0,0.0,1.0,2.0,0.0,2.0,2.0
2.0,0.0,2.0,0.0,0.0,0.0,0.0,1.0,0.0,1.0,1.0,2.0
2.0,0.0,2.0,0.0,0.0,0.0,0.0,1.0,0.0,1.0,1.0,2.0
1.0,1.0,1.0,0.0,0.0,1.0,0.0,2.0,1.0,0.0,1.0,1.0
1.0,0.0,1.0,0.0,0.0,1.0,0.0,1.0,1.0,1.0,1.0,2.0
1.0,1.0,0.0,1.0,0.0,1.0,1.0,2.0,1.0,0.0,0.0,1.0
0.0,0.0,1.0,0.0,0.0,1.0,0.0,1.0,2.0,0.0,0.0,1.0
1.0,1.0,1.0,0.0,0.0,0.0,0.0,2.0,1.0,0.0,1.0,1.0
1.0,1.0,0.0,1.0,0.0,1.0,1.0,2.0,1.0,0.0,0.0,1.0
1.0,0.0,1.0,0.0,0.0,2.0,0.0,2.0,2.0,1.0,1.0,2.0
1.0,0.0,2.0,0.0,0.0,0.0,0.0,1.0,1.0,0.0,1.0,1.0
1.0,0.0,2.0,1.0,0.0,0.0,0.0,2.0,1.0,0.0,1.0,1.0
1.0,0.0,2.0,1.0,0.0,0.0,0.0,2.0,1.0,0.0,1.0,1.0
1.0,0.0,2.0,2.0,0.0,2.0,3.0,0.0,0.0,0.0,2.0,2.0
2.0,0.0,2.0,0.0,0.0,0.0,0.0,1.0,1.0,0.0,2.0,1.0
1.0,0.0,2.0,2.0,0.0,2.0,3.0,0.0,0.0,0.0,2.0,2.0
0.0,0.0,1.0,0.0,0.0,1.0,0.0,1.0,2.0,0.0,0.0,1.0
1.0,0.0,1.0,0.0,0.0,1.0,0.0,1.0,1.0,1.0,2.0,1.0
0.0,0.0,1.0,0.0,0.0,1.0,0.0,1.0,2.0,0.0,0.0,1.0
0.0,0.0,0.0,0.0,0.0,2.0,0.0,1.0,1.0,0.0,0.0,1.0
1.0,0.0,1.0,1.0,0.0,0.0,0.0,2.0,2.0,0.0,1.0,2.0
1.0,0.0,1.0,0.0,0.0,0.0,0.0,1.0,1.0,0.0,1.0,1.0
2.0,0.0,2.0,0.0,0.0,1.0,0.0,2.0,0.0,1.0,0.0,2.0
2.0,0.0,2.0,0.0,0.0,1.0,0.0,2.0,0.0,1.0,0.0,2.0
1.0,0.0,2.0,0.0,0.0,2.0,0.0,1.0,0.0,0.0,2.0,2.0
1.0,0.0,1.0,0.0,0.0,0.0,0.0,1.0,1.0,0.0,1.0,1.0
0.0,1.0,0.0,0.0,0.0,0.0,0.0,1.0,2.0,0.0,1.0,1.0
1.0,0.0,1.0,0.0,0.0,0.0,0.0,1.0,1.0,1.0,2.0,2.0
0.0,1.0,0.0,1.0,0.0,0.0,0.0,1.0,1.0,0.0,1.0,1.0
1.0,0.0,1.0,0.0,0.0,0.0,0.0,2.0,1.0,0.0,1.0,1.0
0.0,1.0,0.0,1.0,0.0,0.0,0.0,1.0,1.0,0.0,1.0,1.0
1.0,1.0,1.0,0.0,0.0,0.0,0.0,1.0,1.0,0.0,0.0,1.0
1.0,0.0,1.0,0.0,1.0,0.0,0.0,1.0,1.0,1.0,2.0,2.0
1.0,1.0,1.0,0.0,0.0,0.0,0.0,1.0,1.0,0.0,0.0,1.0
1.0,0.0,1.0,0.0,0.0,1.0,0.0,1.0,1.0,1.0,2.0,1.0
0.0,1.0,1.0,0.0,0.0,0.0,0.0,1.0,1.0,0.0,2.0,1.0
0.0,0.0,0.0,0.0,0.0,0.0,0.0,1.0,2.0,0.0,1.0,1.0
0.0,1.0,1.0,0.0,0.0,0.0,0.0,1.0,1.0,0.0,2.0,1.0
1.0,0.0,1.0,0.0,0.0,0.0,0.0,1.0,1.0,0.0,2.0,1.0
0.0,1.0,1.0,0.0,0.0,0.0,0.0,1.0,2.0,0.0,2.0,1.0
1.0,0.0,1.0,0.0,0.0,0.0,0.0,1.0,1.0,0.0,2.0,1.0
1.0,0.0,1.0,0.0,0.0,0.0,0.0,1.0,1.0,1.0,2.0,2.0
1.0,1.0,0.0,0.0,0.0,0.0,0.0,2.0,1.0,0.0,0.0,1.0
2.0,0.0,1.0,0.0,1.0,1.0,0.0,2.0,1.0,1.0,1.0,1.0
1.0,1.0,0.0,0.0,0.0,0.0,0.0,1.0,1.0,0.0,0.0,1.0
0.0,0.0,1.0,0.0,0.0,1.0,0.0,1.0,3.0,0.0,2.0,2.0
1.0,0.0,1.0,0.0,0.0,0.0,0.0,1.0,1.0,0.0,1.0,1.0
1.0,0.0,1.0,0.0,0.0,0.0,0.0,2.0,1.0,0.0,0.0,1.0
0.0,0.0,1.0,0.0,0.0,1.0,1.0,0.0,2.0,0.0,3.0,1.0
0.0,1.0,0.0,0.0,0.0,0.0,0.0,1.0,2.0,0.0,1.0,1.0
0.0,1.0,0.0,0.0,0.0,0.0,0.0,1.0,2.0,0.0,1.0,1.0
0.0,1.0,0.0,0.0,0.0,0.0,0.0,1.0,2.0,0.0,1.0,1.0
0.0,0.0,0.0,0.0,0.0,0.0,0.0,0.0,1.0,0.0,3.0,1.0
0.0,1.0,0.0,0.0,0.0,0.0,0.0,0.0,2.0,0.0,2.0,1.0
1.0,1.0,1.0,0.0,0.0,0.0,0.0,0.0,1.0,0.0,2.0,2.0
0.0,1.0,0.0,0.0,0.0,1.0,0.0,1.0,2.0,0.0,2.0,1.0
0.0,0.0,0.0,0.0,0.0,1.0,0.0,0.0,2.0,0.0,2.0,1.0
2.0,0.0,1.0,0.0,0.0,0.0,0.0,1.0,1.0,0.0,1.0,1.0
0.0,1.0,0.0,0.0,0.0,0.0,0.0,1.0,2.0,0.0,1.0,0.0
1.0,0.0,1.0,0.0,0.0,0.0,0.0,1.0,1.0,0.0,1.0,2.0
0.0,0.0,1.0,0.0,0.0,0.0,0.0,0.0,2.0,0.0,3.0,1.0
0.0,1.0,0.0,0.0,0.0,1.0,0.0,1.0,2.0,0.0,1.0,1.0
1.0,0.0,1.0,0.0,0.0,1.0,1.0,2.0,1.0,0.0,0.0,1.0
2.0,0.0,1.0,0.0,0.0,1.0,0.0,2.0,1.0,0.0,1.0,1.0
1.0,1.0,0.0,0.0,0.0,0.0,0.0,2.0,1.0,0.0,1.0,1.0
0.0,0.0,0.0,0.0,0.0,3.0,1.0,0.0,1.0,0.0,0.0,1.0
0.0,0.0,1.0,0.0,0.0,0.0,0.0,0.0,2.0,1.0,3.0,2.0
0.0,0.0,0.0,1.0,0.0,0.0,0.0,1.0,1.0,0.0,1.0,2.0
1.0,0.0,1.0,0.0,0.0,0.0,0.0,1.0,1.0,0.0,2.0,2.0
1.0,0.0,1.0,0.0,0.0,1.0,0.0,1.0,2.0,0.0,2.0,1.0
2.0,1.0,1.0,0.0,0.0,0.0,0.0,2.0,1.0,1.0,1.0,1.0
2.0,1.0,1.0,0.0,0.0,0.0,0.0,2.0,1.0,1.0,1.0,1.0
1.0,0.0,0.0,0.0,0.0,1.0,1.0,2.0,1.0,0.0,0.0,1.0
1.0,1.0,0.0,0.0,0.0,0.0,1.0,2.0,1.0,0.0,0.0,1.0
0.0,0.0,1.0,0.0,0.0,1.0,1.0,2.0,2.0,0.0,0.0,1.0
1.0,0.0,1.0,0.0,0.0,1.0,0.0,1.0,1.0,1.0,1.0,1.0
0.0,0.0,0.0,0.0,0.0,0.0,0.0,1.0,1.0,0.0,1.0,1.0
0.0,0.0,1.0,0.0,0.0,0.0,0.0,1.0,2.0,1.0,0.0,1.0
0.0,0.0,0.0,0.0,0.0,1.0,0.0,1.0,2.0,0.0,1.0,1.0
1.0,0.0,1.0,0.0,0.0,1.0,0.0,1.0,2.0,1.0,1.0,1.0
1.0,1.0,0.0,0.0,1.0,0.0,0.0,1.0,1.0,1.0,0.0,1.0
1.0,0.0,1.0,1.0,0.0,0.0,0.0,2.0,1.0,0.0,2.0,2.0
1.0,0.0,1.0,0.0,0.0,0.0,0.0,1.0,2.0,0.0,1.0,1.0
1.0,0.0,1.0,0.0,0.0,0.0,0.0,1.0,1.0,0.0,2.0,1.0
1.0,0.0,1.0,0.0,0.0,0.0,0.0,1.0,1.0,1.0,2.0,2.0
0.0,1.0,0.0,0.0,0.0,0.0,0.0,1.0,2.0,0.0,2.0,1.0
1.0,1.0,1.0,0.0,0.0,0.0,0.0,1.0,1.0,0.0,0.0,1.0
1.0,0.0,1.0,0.0,0.0,0.0,0.0,1.0,1.0,0.0,1.0,1.0
0.0,1.0,0.0,0.0,0.0,2.0,0.0,1.0,2.0,0.0,1.0,1.0
1.0,1.0,1.0,0.0,0.0,0.0,0.0,1.0,1.0,0.0,0.0,1.0
1.0,0.0,2.0,0.0,0.0,2.0,1.0,1.0,1.0,1.0,2.0,2.0
0.0,1.0,0.0,0.0,0.0,0.0,1.0,0.0,2.0,1.0,2.0,2.0
0.0,0.0,1.0,0.0,0.0,1.0,0.0,1.0,2.0,1.0,1.0,1.0
1.0,0.0,1.0,0.0,0.0,0.0,0.0,2.0,1.0,0.0,1.0,1.0
2.0,0.0,2.0,0.0,0.0,0.0,0.0,1.0,1.0,0.0,1.0,2.0
1.0,0.0,1.0,0.0,0.0,0.0,0.0,1.0,1.0,1.0,1.0,1.0
1.0,0.0,1.0,0.0,0.0,0.0,0.0,1.0,1.0,0.0,2.0,2.0
1.0,1.0,0.0,0.0,0.0,0.0,0.0,2.0,1.0,0.0,0.0,1.0
1.0,1.0,0.0,0.0,0.0,0.0,0.0,2.0,1.0,0.0,0.0,1.0
1.0,0.0,1.0,0.0,2.0,0.0,0.0,1.0,0.0,1.0,0.0,1.0
1.0,1.0,1.0,0.0,0.0,0.0,0.0,2.0,0.0,1.0,1.0,1.0
1.0,0.0,1.0,0.0,0.0,1.0,0.0,1.0,1.0,1.0,2.0,2.0
0.0,0.0,1.0,0.0,0.0,0.0,0.0,1.0,1.0,0.0,2.0,1.0
1.0,1.0,1.0,0.0,0.0,0.0,0.0,1.0,1.0,0.0,1.0,1.0
1.0,0.0,1.0,0.0,0.0,0.0,0.0,1.0,1.0,0.0,1.0,1.0
0.0,1.0,0.0,0.0,0.0,1.0,0.0,1.0,2.0,0.0,1.0,1.0
1.0,0.0,1.0,0.0,0.0,0.0,0.0,1.0,1.0,0.0,2.0,1.0
1.0,0.0,1.0,0.0,0.0,1.0,0.0,2.0,2.0,0.0,0.0,1.0
1.0,0.0,1.0,0.0,0.0,1.0,0.0,2.0,2.0,0.0,0.0,1.0
0.0,1.0,0.0,0.0,0.0,2.0,0.0,1.0,2.0,0.0,1.0,1.0
0.0,2.0,0.0,1.0,0.0,1.0,0.0,1.0,2.0,0.0,1.0,0.0
0.0,1.0,0.0,0.0,0.0,0.0,0.0,0.0,1.0,0.0,2.0,2.0
0.0,2.0,0.0,0.0,0.0,0.0,1.0,0.0,2.0,0.0,1.0,1.0
1.0,0.0,1.0,0.0,0.0,0.0,0.0,1.0,1.0,1.0,1.0,1.0
1.0,0.0,1.0,0.0,0.0,0.0,0.0,1.0,1.0,1.0,1.0,1.0
1.0,0.0,1.0,0.0,0.0,0.0,0.0,1.0,1.0,0.0,1.0,1.0
1.0,0.0,1.0,0.0,0.0,2.0,0.0,2.0,2.0,1.0,1.0,1.0
0.0,1.0,0.0,0.0,0.0,0.0,0.0,1.0,1.0,0.0,0.0,1.0
0.0,1.0,0.0,0.0,0.0,0.0,1.0,1.0,1.0,0.0,1.0,1.0
0.0,0.0,1.0,0.0,0.0,0.0,0.0,0.0,1.0,0.0,2.0,1.0
0.0,1.0,0.0,1.0,0.0,0.0,0.0,1.0,2.0,0.0,2.0,1.0
0.0,0.0,1.0,0.0,0.0,0.0,0.0,0.0,1.0,0.0,2.0,1.0
0.0,1.0,0.0,0.0,0.0,0.0,1.0,1.0,1.0,0.0,1.0,1.0
1.0,2.0,0.0,0.0,0.0,0.0,0.0,1.0,1.0,0.0,0.0,0.0
1.0,0.0,2.0,1.0,0.0,0.0,0.0,1.0,1.0,0.0,2.0,1.0
0.0,2.0,0.0,0.0,1.0,0.0,0.0,1.0,2.0,0.0,1.0,1.0
0.0,0.0,1.0,0.0,0.0,0.0,0.0,1.0,2.0,1.0,2.0,2.0
0.0,2.0,0.0,0.0,1.0,0.0,0.0,1.0,2.0,0.0,1.0,1.0
0.0,1.0,0.0,0.0,0.0,0.0,0.0,1.0,1.0,0.0,0.0,1.0
0.0,0.0,0.0,0.0,0.0,1.0,0.0,1.0,2.0,0.0,0.0,1.0
1.0,1.0,0.0,0.0,0.0,1.0,1.0,1.0,1.0,0.0,0.0,1.0
1.0,1.0,0.0,0.0,0.0,0.0,0.0,1.0,1.0,0.0,0.0,1.0
1.0,0.0,1.0,0.0,0.0,1.0,1.0,1.0,1.0,1.0,1.0,1.0
1.0,1.0,0.0,0.0,0.0,1.0,1.0,1.0,1.0,0.0,0.0,1.0
1.0,1.0,0.0,0.0,0.0,0.0,0.0,1.0,1.0,0.0,0.0,1.0
1.0,0.0,1.0,0.0,0.0,0.0,0.0,1.0,1.0,0.0,1.0,2.0
1.0,0.0,1.0,0.0,0.0,0.0,0.0,1.0,1.0,0.0,2.0,2.0
1.0,1.0,0.0,1.0,0.0,1.0,0.0,2.0,1.0,0.0,0.0,1.0
0.0,0.0,1.0,0.0,0.0,1.0,0.0,1.0,2.0,1.0,1.0,2.0
0.0,0.0,1.0,0.0,0.0,1.0,0.0,1.0,2.0,1.0,1.0,2.0
0.0,0.0,1.0,0.0,0.0,1.0,0.0,1.0,2.0,1.0,1.0,2.0
1.0,1.0,2.0,0.0,0.0,1.0,0.0,2.0,1.0,1.0,0.0,1.0
0.0,0.0,1.0,0.0,0.0,1.0,0.0,1.0,2.0,1.0,1.0,2.0
0.0,0.0,1.0,0.0,0.0,0.0,0.0,1.0,2.0,1.0,1.0,2.0
0.0,1.0,0.0,0.0,0.0,0.0,0.0,1.0,1.0,0.0,1.0,1.0
0.0,0.0,0.0,0.0,0.0,1.0,0.0,1.0,1.0,0.0,0.0,1.0
0.0,1.0,0.0,0.0,0.0,0.0,0.0,1.0,1.0,0.0,1.0,1.0
1.0,0.0,1.0,0.0,0.0,0.0,0.0,1.0,1.0,1.0,1.0,1.0
1.0,0.0,1.0,0.0,0.0,0.0,0.0,1.0,1.0,0.0,1.0,1.0
1.0,0.0,1.0,0.0,0.0,1.0,0.0,1.0,1.0,0.0,1.0,1.0
1.0,1.0,1.0,0.0,0.0,0.0,1.0,1.0,1.0,0.0,0.0,1.0
1.0,0.0,1.0,0.0,0.0,2.0,0.0,1.0,1.0,1.0,2.0,1.0
1.0,0.0,1.0,0.0,0.0,0.0,0.0,1.0,1.0,0.0,1.0,1.0
1.0,0.0,1.0,0.0,0.0,1.0,0.0,1.0,1.0,1.0,1.0,1.0
2.0,0.0,2.0,0.0,0.0,0.0,0.0,2.0,1.0,1.0,1.0,1.0
2.0,0.0,2.0,0.0,0.0,0.0,0.0,2.0,1.0,1.0,1.0,1.0
1.0,1.0,0.0,0.0,0.0,1.0,1.0,1.0,1.0,0.0,0.0,1.0
2.0,0.0,1.0,0.0,0.0,0.0,0.0,1.0,1.0,1.0,2.0,1.0
2.0,0.0,1.0,0.0,0.0,0.0,0.0,2.0,1.0,1.0,1.0,1.0
1.0,0.0,0.0,0.0,0.0,0.0,1.0,2.0,1.0,0.0,0.0,1.0
1.0,1.0,0.0,0.0,0.0,1.0,0.0,1.0,0.0,0.0,0.0,1.0
1.0,1.0,1.0,0.0,0.0,0.0,0.0,2.0,1.0,0.0,0.0,1.0
0.0,0.0,0.0,0.0,0.0,0.0,1.0,0.0,2.0,0.0,3.0,2.0
1.0,0.0,1.0,0.0,0.0,1.0,0.0,2.0,2.0,0.0,0.0,1.0
1.0,0.0,1.0,0.0,0.0,0.0,0.0,1.0,1.0,1.0,2.0,1.0
1.0,1.0,0.0,0.0,0.0,2.0,1.0,1.0,2.0,0.0,1.0,1.0
1.0,0.0,1.0,0.0,0.0,1.0,0.0,2.0,2.0,0.0,0.0,1.0
1.0,0.0,1.0,0.0,0.0,0.0,0.0,1.0,1.0,0.0,0.0,0.0
0.0,1.0,0.0,0.0,0.0,0.0,0.0,0.0,2.0,0.0,2.0,1.0
0.0,0.0,1.0,3.0,0.0,0.0,1.0,1.0,1.0,0.0,1.0,0.0
1.0,1.0,0.0,0.0,0.0,0.0,0.0,1.0,1.0,0.0,0.0,1.0
0.0,1.0,0.0,0.0,0.0,0.0,0.0,0.0,2.0,0.0,2.0,1.0
1.0,1.0,0.0,0.0,0.0,0.0,0.0,2.0,2.0,0.0,0.0,0.0
0.0,1.0,0.0,0.0,0.0,0.0,0.0,1.0,2.0,0.0,2.0,0.0
1.0,1.0,0.0,0.0,0.0,1.0,0.0,1.0,1.0,0.0,0.0,1.0
1.0,0.0,1.0,0.0,0.0,1.0,0.0,2.0,1.0,0.0,0.0,1.0
1.0,0.0,1.0,0.0,0.0,0.0,0.0,1.0,1.0,0.0,2.0,1.0
1.0,1.0,0.0,0.0,0.0,0.0,1.0,2.0,1.0,0.0,0.0,1.0
0.0,0.0,1.0,3.0,0.0,3.0,2.0,2.0,1.0,0.0,1.0,1.0
0.0,1.0,0.0,0.0,0.0,0.0,0.0,1.0,2.0,0.0,1.0,1.0
0.0,1.0,0.0,0.0,0.0,0.0,0.0,1.0,1.0,0.0,0.0,1.0
0.0,1.0,0.0,0.0,0.0,0.0,0.0,1.0,2.0,0.0,1.0,1.0
0.0,0.0,1.0,0.0,0.0,1.0,0.0,1.0,2.0,1.0,1.0,1.0
0.0,1.0,0.0,0.0,0.0,1.0,0.0,1.0,2.0,0.0,1.0,1.0
0.0,1.0,0.0,0.0,0.0,1.0,0.0,1.0,2.0,0.0,1.0,1.0
1.0,1.0,0.0,0.0,0.0,1.0,0.0,1.0,1.0,0.0,0.0,1.0
0.0,1.0,0.0,0.0,0.0,0.0,0.0,1.0,2.0,0.0,0.0,1.0
1.0,1.0,0.0,0.0,0.0,0.0,0.0,1.0,2.0,0.0,0.0,1.0
1.0,1.0,0.0,0.0,0.0,1.0,0.0,1.0,2.0,0.0,1.0,1.0
0.0,1.0,0.0,0.0,0.0,1.0,0.0,1.0,2.0,0.0,1.0,1.0
1.0,1.0,0.0,0.0,0.0,2.0,0.0,1.0,1.0,0.0,0.0,1.0
0.0,1.0,1.0,1.0,0.0,0.0,0.0,1.0,1.0,0.0,1.0,1.0
0.0,1.0,0.0,0.0,0.0,0.0,0.0,1.0,2.0,0.0,1.0,1.0
0.0,1.0,0.0,0.0,0.0,0.0,0.0,1.0,2.0,0.0,1.0,1.0
1.0,1.0,2.0,0.0,2.0,1.0,0.0,1.0,0.0,1.0,0.0,1.0
0.0,2.0,0.0,0.0,0.0,0.0,0.0,1.0,2.0,0.0,1.0,0.0
1.0,0.0,1.0,0.0,0.0,1.0,0.0,2.0,1.0,0.0,0.0,1.0
1.0,1.0,0.0,0.0,0.0,0.0,0.0,2.0,1.0,0.0,0.0,0.0
1.0,0.0,1.0,0.0,0.0,1.0,0.0,1.0,2.0,0.0,2.0,1.0
0.0,1.0,0.0,0.0,0.0,0.0,0.0,1.0,2.0,0.0,1.0,1.0
0.0,1.0,0.0,0.0,0.0,0.0,0.0,1.0,2.0,0.0,1.0,1.0
2.0,0.0,1.0,0.0,0.0,0.0,0.0,1.0,1.0,1.0,1.0,1.0
0.0,0.0,1.0,0.0,0.0,1.0,0.0,1.0,2.0,0.0,0.0,1.0
0.0,1.0,0.0,0.0,0.0,1.0,1.0,0.0,2.0,1.0,3.0,2.0
0.0,0.0,0.0,0.0,0.0,1.0,0.0,0.0,3.0,1.0,3.0,1.0
0.0,0.0,0.0,0.0,0.0,1.0,0.0,1.0,2.0,0.0,2.0,1.0
0.0,0.0,0.0,0.0,0.0,1.0,0.0,1.0,2.0,0.0,1.0,1.0
1.0,1.0,0.0,0.0,0.0,1.0,0.0,1.0,1.0,0.0,0.0,1.0
1.0,1.0,0.0,0.0,0.0,0.0,0.0,1.0,1.0,0.0,1.0,1.0
1.0,1.0,0.0,0.0,0.0,0.0,1.0,1.0,1.0,0.0,0.0,1.0
1.0,0.0,1.0,1.0,0.0,0.0,0.0,1.0,1.0,0.0,2.0,0.0
0.0,1.0,0.0,0.0,0.0,0.0,0.0,1.0,1.0,0.0,0.0,1.0
1.0,1.0,0.0,0.0,0.0,0.0,1.0,1.0,1.0,0.0,0.0,1.0
1.0,0.0,1.0,0.0,0.0,0.0,0.0,1.0,1.0,0.0,1.0,2.0
0.0,0.0,0.0,0.0,0.0,1.0,0.0,1.0,1.0,0.0,1.0,1.0
0.0,0.0,0.0,0.0,0.0,1.0,0.0,1.0,1.0,0.0,1.0,1.0
1.0,1.0,0.0,0.0,0.0,0.0,0.0,1.0,1.0,0.0,1.0,1.0
1.0,1.0,1.0,0.0,0.0,0.0,0.0,2.0,1.0,0.0,1.0,1.0
0.0,0.0,0.0,0.0,0.0,0.0,0.0,1.0,2.0,0.0,1.0,1.0
2.0,0.0,1.0,0.0,0.0,1.0,0.0,2.0,1.0,0.0,1.0,1.0
0.0,0.0,1.0,0.0,0.0,0.0,0.0,0.0,1.0,0.0,2.0,1.0
1.0,1.0,0.0,0.0,0.0,0.0,0.0,0.0,1.0,0.0,2.0,1.0
0.0,1.0,1.0,0.0,0.0,1.0,1.0,2.0,1.0,2.0,1.0,1.0
0.0,1.0,1.0,0.0,0.0,1.0,1.0,2.0,1.0,2.0,1.0,1.0
1.0,1.0,0.0,0.0,0.0,0.0,0.0,1.0,1.0,0.0,1.0,1.0
1.0,1.0,0.0,0.0,0.0,1.0,0.0,1.0,1.0,1.0,1.0,1.0
0.0,0.0,0.0,0.0,0.0,0.0,0.0,1.0,2.0,0.0,2.0,1.0
1.0,1.0,0.0,0.0,0.0,0.0,0.0,1.0,1.0,0.0,0.0,0.0
1.0,1.0,0.0,0.0,0.0,1.0,0.0,1.0,1.0,1.0,1.0,1.0
0.0,1.0,0.0,0.0,0.0,2.0,1.0,1.0,1.0,0.0,0.0,1.0
0.0,1.0,0.0,0.0,0.0,2.0,1.0,1.0,1.0,0.0,0.0,1.0
0.0,1.0,0.0,0.0,0.0,0.0,0.0,0.0,1.0,0.0,2.0,1.0
0.0,1.0,0.0,0.0,0.0,0.0,0.0,0.0,2.0,0.0,2.0,1.0
1.0,3.0,0.0,0.0,0.0,0.0,0.0,1.0,2.0,0.0,1.0,0.0
0.0,1.0,0.0,0.0,0.0,0.0,0.0,1.0,3.0,0.0,2.0,1.0
0.0,2.0,0.0,0.0,0.0,1.0,0.0,1.0,2.0,0.0,2.0,1.0
1.0,0.0,1.0,0.0,0.0,0.0,0.0,1.0,1.0,1.0,1.0,1.0
1.0,0.0,1.0,0.0,0.0,1.0,0.0,1.0,1.0,0.0,1.0,1.0
1.0,1.0,0.0,0.0,0.0,1.0,0.0,1.0,1.0,0.0,0.0,1.0
1.0,1.0,1.0,0.0,0.0,1.0,1.0,1.0,1.0,0.0,0.0,1.0
1.0,1.0,1.0,0.0,0.0,1.0,1.0,2.0,1.0,0.0,1.0,1.0
0.0,1.0,0.0,0.0,0.0,0.0,0.0,1.0,2.0,0.0,1.0,0.0
1.0,1.0,1.0,0.0,0.0,1.0,1.0,2.0,1.0,0.0,1.0,1.0
0.0,1.0,0.0,0.0,0.0,1.0,0.0,1.0,1.0,0.0,0.0,1.0
1.0,1.0,1.0,0.0,0.0,1.0,1.0,1.0,1.0,0.0,0.0,1.0
0.0,1.0,0.0,0.0,0.0,0.0,0.0,0.0,1.0,0.0,2.0,1.0
1.0,2.0,0.0,0.0,0.0,0.0,0.0,1.0,1.0,0.0,1.0,1.0
0.0,0.0,0.0,0.0,0.0,1.0,0.0,1.0,2.0,0.0,1.0,1.0
0.0,0.0,0.0,0.0,0.0,1.0,0.0,1.0,2.0,0.0,1.0,1.0
1.0,1.0,1.0,0.0,0.0,0.0,1.0,1.0,1.0,0.0,0.0,1.0
0.0,1.0,0.0,0.0,0.0,0.0,0.0,0.0,3.0,0.0,2.0,1.0
1.0,0.0,1.0,0.0,0.0,0.0,0.0,1.0,1.0,0.0,2.0,1.0
1.0,1.0,1.0,0.0,0.0,0.0,1.0,1.0,1.0,0.0,0.0,1.0
1.0,1.0,2.0,0.0,2.0,0.0,0.0,1.0,0.0,2.0,0.0,1.0
1.0,1.0,1.0,0.0,0.0,0.0,1.0,2.0,1.0,0.0,1.0,1.0
0.0,1.0,0.0,0.0,0.0,0.0,0.0,0.0,3.0,0.0,2.0,1.0
1.0,0.0,1.0,0.0,0.0,0.0,0.0,1.0,1.0,0.0,1.0,1.0
1.0,0.0,1.0,0.0,0.0,1.0,0.0,1.0,1.0,1.0,1.0,2.0
0.0,0.0,0.0,0.0,0.0,0.0,0.0,1.0,2.0,0.0,1.0,1.0
0.0,0.0,0.0,0.0,0.0,0.0,0.0,1.0,2.0,0.0,1.0,1.0
0.0,0.0,0.0,0.0,0.0,0.0,0.0,1.0,2.0,0.0,1.0,1.0
0.0,0.0,0.0,0.0,0.0,0.0,0.0,1.0,2.0,0.0,1.0,1.0
0.0,1.0,0.0,0.0,0.0,0.0,0.0,1.0,1.0,0.0,0.0,1.0
0.0,1.0,1.0,0.0,0.0,0.0,1.0,1.0,1.0,0.0,0.0,1.0
0.0,1.0,1.0,0.0,0.0,0.0,1.0,1.0,1.0,0.0,0.0,1.0
1.0,2.0,1.0,0.0,0.0,1.0,0.0,1.0,1.0,0.0,0.0,1.0
1.0,0.0,0.0,0.0,0.0,0.0,0.0,1.0,1.0,0.0,0.0,1.0
1.0,1.0,0.0,0.0,0.0,0.0,0.0,2.0,1.0,0.0,0.0,1.0
0.0,1.0,0.0,0.0,1.0,0.0,0.0,1.0,2.0,0.0,0.0,1.0
0.0,1.0,0.0,0.0,0.0,1.0,0.0,1.0,2.0,0.0,2.0,1.0
0.0,1.0,0.0,0.0,0.0,0.0,0.0,1.0,1.0,0.0,0.0,1.0
0.0,1.0,0.0,0.0,0.0,0.0,0.0,1.0,1.0,0.0,0.0,1.0
0.0,1.0,0.0,0.0,0.0,0.0,0.0,1.0,1.0,0.0,0.0,1.0
1.0,1.0,0.0,0.0,0.0,0.0,0.0,1.0,1.0,0.0,1.0,1.0
1.0,1.0,0.0,0.0,0.0,0.0,0.0,1.0,1.0,0.0,1.0,1.0
1.0,1.0,0.0,0.0,0.0,0.0,0.0,1.0,1.0,0.0,1.0,1.0
1.0,1.0,0.0,0.0,0.0,0.0,0.0,1.0,1.0,0.0,1.0,1.0
1.0,1.0,0.0,0.0,0.0,0.0,0.0,1.0,1.0,0.0,1.0,1.0
2.0,0.0,1.0,0.0,0.0,0.0,0.0,2.0,1.0,0.0,1.0,1.0
1.0,0.0,0.0,0.0,0.0,0.0,0.0,1.0,1.0,0.0,1.0,1.0
0.0,1.0,0.0,0.0,0.0,0.0,0.0,1.0,2.0,0.0,1.0,1.0
0.0,1.0,0.0,0.0,0.0,0.0,0.0,1.0,1.0,0.0,0.0,1.0
0.0,1.0,0.0,0.0,0.0,0.0,0.0,1.0,1.0,0.0,0.0,1.0
0.0,1.0,0.0,0.0,0.0,1.0,0.0,1.0,2.0,0.0,1.0,1.0
1.0,1.0,1.0,0.0,0.0,1.0,0.0,1.0,1.0,0.0,0.0,1.0
0.0,1.0,0.0,0.0,0.0,0.0,0.0,0.0,1.0,0.0,2.0,1.0
1.0,1.0,0.0,0.0,0.0,0.0,0.0,2.0,1.0,0.0,1.0,1.0
1.0,1.0,0.0,0.0,0.0,0.0,0.0,2.0,1.0,0.0,1.0,1.0
0.0,1.0,0.0,0.0,0.0,0.0,0.0,1.0,1.0,0.0,0.0,1.0
0.0,0.0,1.0,0.0,0.0,0.0,0.0,1.0,1.0,0.0,1.0,1.0
0.0,0.0,1.0,0.0,0.0,0.0,0.0,1.0,1.0,0.0,1.0,1.0
0.0,0.0,0.0,0.0,0.0,1.0,0.0,1.0,2.0,0.0,1.0,1.0
0.0,1.0,0.0,1.0,1.0,2.0,1.0,2.0,1.0,0.0,0.0,1.0
2.0,0.0,1.0,0.0,0.0,0.0,0.0,2.0,1.0,0.0,1.0,1.0
1.0,1.0,1.0,0.0,0.0,0.0,0.0,2.0,1.0,0.0,1.0,1.0
1.0,1.0,0.0,0.0,0.0,0.0,0.0,2.0,1.0,0.0,1.0,1.0
2.0,0.0,1.0,0.0,0.0,0.0,0.0,2.0,1.0,0.0,1.0,1.0
1.0,1.0,1.0,0.0,0.0,0.0,0.0,1.0,1.0,0.0,0.0,0.0
0.0,1.0,0.0,0.0,0.0,0.0,0.0,1.0,2.0,0.0,2.0,1.0
1.0,1.0,0.0,0.0,0.0,0.0,0.0,2.0,1.0,0.0,0.0,1.0
0.0,1.0,0.0,0.0,0.0,0.0,0.0,1.0,1.0,0.0,0.0,1.0
0.0,1.0,1.0,0.0,0.0,0.0,1.0,2.0,1.0,2.0,1.0,1.0
1.0,1.0,1.0,0.0,0.0,0.0,0.0,1.0,1.0,0.0,0.0,1.0
0.0,1.0,0.0,0.0,0.0,0.0,0.0,1.0,1.0,0.0,1.0,0.0
1.0,1.0,2.0,0.0,2.0,0.0,0.0,1.0,0.0,2.0,0.0,1.0
1.0,1.0,2.0,0.0,0.0,0.0,0.0,1.0,1.0,1.0,1.0,1.0
1.0,1.0,2.0,0.0,2.0,0.0,0.0,1.0,0.0,2.0,0.0,1.0
1.0,1.0,1.0,0.0,0.0,1.0,1.0,1.0,1.0,0.0,0.0,1.0
0.0,1.0,0.0,0.0,1.0,0.0,0.0,1.0,1.0,0.0,0.0,0.0
0.0,1.0,1.0,0.0,0.0,0.0,1.0,1.0,1.0,0.0,0.0,1.0
1.0,2.0,0.0,0.0,0.0,0.0,0.0,1.0,1.0,0.0,0.0,1.0
0.0,1.0,1.0,0.0,0.0,1.0,0.0,1.0,3.0,0.0,2.0,1.0
0.0,0.0,0.0,0.0,0.0,0.0,0.0,1.0,1.0,0.0,0.0,1.0
1.0,1.0,0.0,0.0,0.0,0.0,0.0,1.0,1.0,0.0,1.0,1.0
1.0,1.0,0.0,0.0,0.0,0.0,0.0,1.0,1.0,0.0,1.0,1.0
0.0,1.0,0.0,0.0,0.0,0.0,0.0,1.0,2.0,0.0,0.0,1.0
1.0,1.0,0.0,0.0,0.0,1.0,1.0,1.0,1.0,0.0,0.0,1.0
1.0,1.0,0.0,0.0,0.0,1.0,1.0,1.0,1.0,0.0,0.0,1.0
0.0,1.0,0.0,0.0,0.0,1.0,1.0,1.0,1.0,0.0,0.0,1.0
1.0,1.0,1.0,0.0,0.0,1.0,1.0,1.0,1.0,0.0,0.0,1.0
0.0,1.0,0.0,0.0,0.0,0.0,0.0,1.0,1.0,0.0,0.0,1.0
0.0,1.0,0.0,0.0,0.0,0.0,0.0,1.0,1.0,0.0,0.0,1.0
0.0,1.0,1.0,1.0,0.0,0.0,0.0,2.0,1.0,0.0,1.0,1.0
0.0,0.0,0.0,0.0,0.0,1.0,1.0,1.0,1.0,0.0,0.0,1.0
0.0,1.0,0.0,0.0,0.0,0.0,0.0,0.0,2.0,0.0,2.0,1.0
1.0,1.0,0.0,0.0,0.0,0.0,0.0,1.0,1.0,0.0,1.0,1.0
0.0,1.0,0.0,0.0,0.0,0.0,0.0,1.0,1.0,0.0,0.0,1.0
1.0,1.0,1.0,0.0,0.0,1.0,0.0,1.0,1.0,0.0,1.0,1.0
0.0,1.0,0.0,0.0,0.0,1.0,0.0,1.0,1.0,0.0,0.0,1.0
1.0,1.0,0.0,0.0,0.0,0.0,0.0,2.0,1.0,0.0,0.0,1.0
1.0,1.0,0.0,0.0,0.0,0.0,0.0,2.0,1.0,0.0,0.0,1.0
0.0,1.0,1.0,0.0,0.0,0.0,1.0,1.0,1.0,0.0,0.0,1.0
0.0,1.0,0.0,0.0,0.0,0.0,0.0,1.0,2.0,0.0,1.0,2.0
0.0,1.0,0.0,0.0,0.0,0.0,0.0,1.0,2.0,0.0,1.0,1.0
1.0,1.0,0.0,0.0,0.0,1.0,1.0,1.0,1.0,0.0,0.0,1.0
1.0,1.0,0.0,0.0,0.0,1.0,1.0,1.0,1.0,0.0,0.0,1.0
1.0,0.0,1.0,0.0,0.0,0.0,0.0,1.0,2.0,1.0,2.0,1.0
0.0,0.0,1.0,0.0,0.0,0.0,0.0,1.0,1.0,1.0,0.0,2.0
1.0,1.0,1.0,0.0,0.0,0.0,0.0,2.0,2.0,0.0,1.0,1.0
1.0,0.0,1.0,0.0,0.0,0.0,0.0,1.0,1.0,1.0,1.0,2.0
1.0,0.0,1.0,1.0,0.0,0.0,0.0,2.0,1.0,1.0,1.0,1.0
0.0,1.0,0.0,0.0,0.0,2.0,0.0,1.0,2.0,1.0,1.0,1.0
1.0,0.0,1.0,0.0,0.0,1.0,0.0,1.0,1.0,1.0,2.0,2.0
0.0,1.0,0.0,0.0,0.0,2.0,0.0,1.0,2.0,1.0,1.0,1.0
0.0,2.0,0.0,0.0,0.0,0.0,0.0,1.0,2.0,0.0,2.0,1.0
0.0,0.0,1.0,0.0,0.0,0.0,0.0,1.0,2.0,0.0,1.0,1.0
1.0,0.0,1.0,1.0,0.0,0.0,0.0,2.0,1.0,1.0,1.0,1.0
1.0,1.0,1.0,0.0,0.0,0.0,1.0,1.0,0.0,1.0,1.0,1.0
1.0,0.0,2.0,0.0,0.0,0.0,0.0,2.0,1.0,1.0,0.0,1.0
0.0,1.0,0.0,0.0,0.0,0.0,0.0,1.0,2.0,1.0,0.0,1.0
1.0,0.0,2.0,0.0,0.0,0.0,0.0,2.0,1.0,1.0,0.0,1.0
0.0,0.0,1.0,0.0,0.0,1.0,0.0,1.0,1.0,1.0,2.0,2.0
1.0,1.0,0.0,0.0,0.0,0.0,0.0,1.0,1.0,0.0,0.0,1.0
1.0,1.0,0.0,0.0,0.0,1.0,1.0,1.0,1.0,0.0,0.0,1.0
1.0,1.0,0.0,0.0,0.0,0.0,0.0,1.0,1.0,0.0,0.0,1.0
1.0,0.0,0.0,0.0,0.0,1.0,0.0,1.0,1.0,0.0,0.0,1.0
0.0,1.0,0.0,0.0,0.0,2.0,0.0,1.0,2.0,1.0,1.0,1.0
0.0,1.0,0.0,0.0,0.0,0.0,0.0,1.0,2.0,0.0,1.0,0.0
1.0,0.0,1.0,0.0,0.0,0.0,0.0,2.0,1.0,0.0,0.0,1.0
1.0,0.0,1.0,0.0,0.0,0.0,0.0,2.0,1.0,0.0,0.0,1.0
1.0,0.0,1.0,0.0,0.0,1.0,0.0,2.0,2.0,0.0,2.0,1.0
1.0,0.0,1.0,0.0,0.0,0.0,0.0,1.0,1.0,0.0,1.0,1.0
1.0,1.0,0.0,0.0,0.0,1.0,0.0,1.0,1.0,0.0,1.0,1.0
1.0,0.0,1.0,0.0,0.0,2.0,0.0,1.0,1.0,1.0,1.0,1.0
0.0,0.0,0.0,0.0,0.0,0.0,0.0,1.0,1.0,0.0,1.0,1.0
1.0,0.0,1.0,0.0,0.0,0.0,0.0,1.0,1.0,0.0,0.0,1.0
0.0,0.0,0.0,0.0,0.0,0.0,0.0,1.0,2.0,1.0,2.0,1.0
0.0,0.0,0.0,0.0,0.0,0.0,0.0,1.0,2.0,0.0,1.0,2.0
1.0,1.0,1.0,3.0,1.0,3.0,1.0,3.0,1.0,1.0,0.0,1.0
1.0,1.0,1.0,3.0,1.0,3.0,1.0,3.0,1.0,1.0,0.0,1.0
1.0,0.0,1.0,0.0,1.0,1.0,1.0,2.0,1.0,0.0,0.0,1.0
0.0,2.0,1.0,1.0,0.0,0.0,0.0,1.0,2.0,0.0,1.0,1.0
0.0,1.0,0.0,0.0,0.0,0.0,0.0,1.0,2.0,0.0,1.0,1.0
0.0,1.0,0.0,0.0,0.0,1.0,1.0,1.0,1.0,0.0,1.0,1.0
0.0,0.0,1.0,0.0,0.0,0.0,0.0,1.0,1.0,0.0,1.0,2.0
0.0,1.0,0.0,1.0,0.0,1.0,1.0,2.0,1.0,0.0,0.0,1.0
0.0,1.0,0.0,0.0,0.0,0.0,0.0,2.0,2.0,1.0,0.0,1.0
0.0,1.0,0.0,0.0,0.0,0.0,0.0,0.0,2.0,0.0,2.0,1.0
0.0,1.0,0.0,0.0,0.0,1.0,1.0,1.0,1.0,0.0,1.0,1.0
0.0,1.0,0.0,1.0,0.0,1.0,1.0,2.0,1.0,0.0,0.0,1.0
0.0,1.0,0.0,0.0,0.0,0.0,0.0,2.0,2.0,1.0,0.0,1.0
0.0,1.0,0.0,0.0,0.0,1.0,0.0,2.0,2.0,0.0,0.0,1.0
0.0,1.0,0.0,0.0,0.0,2.0,0.0,1.0,2.0,0.0,0.0,1.0
0.0,0.0,1.0,0.0,0.0,0.0,0.0,1.0,1.0,1.0,1.0,2.0
0.0,0.0,1.0,0.0,0.0,0.0,0.0,1.0,1.0,0.0,1.0,2.0
1.0,0.0,1.0,0.0,0.0,0.0,0.0,2.0,1.0,1.0,1.0,2.0
0.0,1.0,0.0,0.0,0.0,2.0,0.0,1.0,1.0,1.0,1.0,2.0
1.0,1.0,1.0,0.0,0.0,1.0,1.0,2.0,2.0,0.0,0.0,1.0
2.0,0.0,2.0,0.0,0.0,0.0,0.0,2.0,1.0,0.0,1.0,1.0
0.0,2.0,0.0,0.0,0.0,0.0,0.0,1.0,2.0,0.0,1.0,1.0
0.0,1.0,0.0,0.0,0.0,2.0,1.0,0.0,1.0,0.0,1.0,1.0
1.0,1.0,1.0,0.0,0.0,1.0,1.0,2.0,2.0,0.0,0.0,1.0
1.0,0.0,1.0,0.0,0.0,0.0,0.0,1.0,2.0,0.0,1.0,1.0
1.0,0.0,1.0,0.0,0.0,0.0,0.0,1.0,1.0,1.0,2.0,2.0
0.0,0.0,0.0,0.0,0.0,1.0,0.0,2.0,2.0,0.0,1.0,1.0
0.0,1.0,0.0,0.0,0.0,0.0,0.0,1.0,2.0,0.0,0.0,0.0
0.0,1.0,0.0,0.0,0.0,0.0,0.0,1.0,1.0,0.0,1.0,1.0
0.0,1.0,0.0,0.0,0.0,0.0,0.0,1.0,1.0,0.0,1.0,1.0
0.0,1.0,0.0,0.0,0.0,1.0,0.0,1.0,2.0,0.0,0.0,1.0
0.0,1.0,0.0,0.0,0.0,1.0,0.0,1.0,2.0,0.0,0.0,1.0
0.0,0.0,1.0,0.0,0.0,1.0,0.0,2.0,1.0,0.0,0.0,2.0
0.0,2.0,0.0,0.0,0.0,1.0,0.0,1.0,2.0,0.0,1.0,0.0
0.0,0.0,1.0,0.0,0.0,1.0,0.0,2.0,1.0,0.0,0.0,2.0
0.0,2.0,0.0,0.0,0.0,1.0,0.0,2.0,1.0,0.0,0.0,0.0
1.0,1.0,0.0,0.0,0.0,0.0,0.0,1.0,0.0,0.0,0.0,1.0
0.0,1.0,0.0,0.0,0.0,0.0,0.0,0.0,2.0,0.0,2.0,1.0
1.0,0.0,2.0,0.0,0.0,1.0,0.0,1.0,2.0,1.0,1.0,1.0
0.0,1.0,0.0,0.0,0.0,0.0,0.0,0.0,2.0,0.0,1.0,1.0
1.0,1.0,1.0,3.0,1.0,2.0,1.0,3.0,1.0,1.0,0.0,1.0
0.0,0.0,0.0,0.0,0.0,0.0,1.0,0.0,2.0,1.0,3.0,2.0
1.0,1.0,1.0,3.0,1.0,2.0,1.0,3.0,1.0,1.0,0.0,1.0
0.0,0.0,0.0,0.0,0.0,0.0,1.0,0.0,2.0,1.0,3.0,2.0
0.0,2.0,0.0,1.0,0.0,0.0,0.0,2.0,2.0,0.0,1.0,0.0
1.0,0.0,2.0,0.0,0.0,0.0,0.0,2.0,2.0,0.0,1.0,1.0
0.0,1.0,0.0,0.0,0.0,0.0,0.0,1.0,2.0,0.0,1.0,0.0
1.0,0.0,2.0,0.0,0.0,0.0,0.0,2.0,2.0,0.0,1.0,1.0
0.0,1.0,2.0,0.0,0.0,0.0,0.0,2.0,1.0,0.0,1.0,0.0
1.0,0.0,1.0,0.0,0.0,0.0,0.0,1.0,1.0,0.0,1.0,1.0
0.0,2.0,0.0,0.0,0.0,0.0,0.0,1.0,2.0,0.0,1.0,0.0
0.0,1.0,0.0,0.0,0.0,0.0,0.0,1.0,1.0,0.0,0.0,1.0
0.0,1.0,0.0,0.0,0.0,0.0,0.0,1.0,2.0,0.0,1.0,1.0
0.0,1.0,0.0,0.0,0.0,0.0,0.0,1.0,2.0,1.0,1.0,1.0
0.0,1.0,0.0,0.0,0.0,0.0,0.0,1.0,3.0,0.0,1.0,1.0
0.0,1.0,0.0,0.0,0.0,0.0,0.0,1.0,2.0,1.0,1.0,1.0
0.0,0.0,1.0,0.0,0.0,0.0,0.0,0.0,2.0,0.0,2.0,1.0
0.0,1.0,0.0,0.0,0.0,0.0,0.0,1.0,3.0,0.0,1.0,1.0
0.0,1.0,0.0,0.0,0.0,0.0,0.0,1.0,2.0,0.0,2.0,1.0
1.0,1.0,1.0,0.0,0.0,1.0,1.0,1.0,1.0,0.0,0.0,1.0
0.0,0.0,0.0,0.0,0.0,0.0,0.0,1.0,2.0,0.0,0.0,2.0
0.0,0.0,0.0,0.0,0.0,0.0,0.0,1.0,1.0,1.0,1.0,1.0
1.0,1.0,1.0,0.0,0.0,1.0,1.0,1.0,1.0,0.0,0.0,1.0
0.0,1.0,0.0,0.0,0.0,0.0,0.0,1.0,2.0,0.0,1.0,1.0
0.0,2.0,0.0,0.0,0.0,0.0,0.0,1.0,2.0,0.0,1.0,1.0
0.0,1.0,0.0,0.0,0.0,0.0,0.0,1.0,2.0,0.0,1.0,1.0
1.0,1.0,0.0,0.0,0.0,0.0,0.0,1.0,1.0,0.0,0.0,1.0
1.0,1.0,1.0,0.0,0.0,1.0,0.0,1.0,1.0,0.0,0.0,1.0
0.0,1.0,0.0,0.0,0.0,0.0,0.0,1.0,1.0,0.0,0.0,1.0
0.0,0.0,1.0,0.0,0.0,0.0,0.0,1.0,2.0,0.0,1.0,1.0
1.0,0.0,2.0,0.0,0.0,0.0,0.0,1.0,1.0,0.0,1.0,1.0
0.0,1.0,0.0,0.0,0.0,0.0,0.0,1.0,2.0,0.0,0.0,0.0
0.0,1.0,0.0,0.0,0.0,0.0,0.0,1.0,2.0,0.0,1.0,1.0
1.0,0.0,2.0,0.0,0.0,0.0,0.0,1.0,1.0,0.0,1.0,1.0
0.0,0.0,2.0,0.0,0.0,0.0,0.0,2.0,2.0,0.0,1.0,1.0
1.0,0.0,1.0,0.0,0.0,0.0,0.0,1.0,1.0,0.0,1.0,1.0
0.0,0.0,0.0,0.0,0.0,1.0,0.0,1.0,2.0,1.0,0.0,1.0
0.0,1.0,0.0,0.0,0.0,1.0,0.0,2.0,2.0,0.0,0.0,1.0
0.0,1.0,0.0,0.0,0.0,0.0,0.0,1.0,2.0,0.0,1.0,1.0
0.0,1.0,0.0,0.0,0.0,0.0,0.0,0.0,1.0,0.0,1.0,1.0
0.0,1.0,0.0,0.0,0.0,0.0,0.0,2.0,2.0,0.0,0.0,1.0
0.0,1.0,0.0,0.0,0.0,0.0,0.0,2.0,2.0,0.0,0.0,1.0
0.0,0.0,1.0,0.0,0.0,1.0,0.0,1.0,2.0,1.0,1.0,1.0
0.0,1.0,0.0,0.0,0.0,1.0,0.0,1.0,2.0,1.0,1.0,1.0
0.0,0.0,1.0,0.0,0.0,0.0,0.0,1.0,1.0,0.0,1.0,1.0
0.0,1.0,0.0,0.0,0.0,0.0,0.0,1.0,2.0,0.0,1.0,1.0
0.0,1.0,0.0,0.0,0.0,1.0,0.0,1.0,2.0,1.0,1.0,1.0
0.0,0.0,0.0,0.0,0.0,0.0,0.0,1.0,2.0,0.0,0.0,0.0
0.0,0.0,1.0,0.0,0.0,1.0,0.0,1.0,2.0,1.0,1.0,1.0
0.0,0.0,1.0,0.0,0.0,1.0,0.0,1.0,1.0,0.0,1.0,1.0
0.0,0.0,0.0,0.0,0.0,1.0,0.0,1.0,2.0,1.0,0.0,1.0
0.0,0.0,0.0,0.0,0.0,0.0,0.0,1.0,1.0,0.0,0.0,1.0
0.0,0.0,0.0,0.0,0.0,0.0,0.0,1.0,1.0,0.0,0.0,1.0
0.0,1.0,0.0,0.0,0.0,0.0,0.0,1.0,1.0,0.0,1.0,1.0
1.0,0.0,1.0,0.0,0.0,1.0,0.0,2.0,1.0,0.0,1.0,1.0
0.0,1.0,0.0,0.0,0.0,2.0,0.0,1.0,2.0,0.0,1.0,1.0
0.0,0.0,0.0,0.0,0.0,0.0,0.0,1.0,2.0,0.0,1.0,1.0
0.0,1.0,0.0,0.0,0.0,0.0,0.0,1.0,2.0,0.0,1.0,1.0
0.0,1.0,0.0,0.0,0.0,0.0,0.0,1.0,1.0,0.0,0.0,1.0
1.0,0.0,1.0,0.0,0.0,1.0,1.0,2.0,2.0,0.0,0.0,1.0
0.0,1.0,0.0,0.0,0.0,0.0,0.0,1.0,2.0,0.0,2.0,2.0
0.0,1.0,0.0,0.0,0.0,0.0,0.0,1.0,1.0,0.0,0.0,1.0
0.0,1.0,0.0,0.0,0.0,1.0,0.0,1.0,2.0,0.0,1.0,1.0
0.0,1.0,0.0,0.0,0.0,1.0,0.0,1.0,2.0,0.0,1.0,1.0
0.0,1.0,0.0,0.0,0.0,0.0,0.0,1.0,2.0,0.0,2.0,1.0
0.0,0.0,1.0,0.0,0.0,1.0,0.0,2.0,2.0,1.0,0.0,1.0
0.0,1.0,0.0,0.0,0.0,0.0,0.0,1.0,2.0,0.0,1.0,1.0
0.0,0.0,1.0,0.0,0.0,1.0,0.0,1.0,2.0,1.0,1.0,2.0
0.0,2.0,0.0,0.0,0.0,1.0,0.0,1.0,1.0,0.0,1.0,1.0
2.0,0.0,1.0,0.0,0.0,0.0,0.0,2.0,1.0,0.0,1.0,1.0
1.0,0.0,1.0,0.0,0.0,0.0,0.0,1.0,1.0,1.0,1.0,2.0
0.0,1.0,1.0,0.0,0.0,0.0,0.0,1.0,1.0,0.0,1.0,1.0
0.0,1.0,0.0,0.0,0.0,0.0,0.0,1.0,1.0,0.0,1.0,1.0
0.0,1.0,0.0,0.0,0.0,0.0,0.0,0.0,2.0,0.0,2.0,1.0
2.0,0.0,1.0,0.0,0.0,1.0,0.0,2.0,1.0,0.0,1.0,1.0
0.0,0.0,1.0,0.0,0.0,0.0,0.0,1.0,1.0,0.0,1.0,2.0
0.0,1.0,0.0,0.0,0.0,0.0,0.0,2.0,2.0,0.0,0.0,1.0
0.0,1.0,0.0,0.0,0.0,0.0,0.0,2.0,2.0,0.0,0.0,1.0
0.0,1.0,0.0,0.0,0.0,1.0,0.0,1.0,2.0,0.0,1.0,1.0
0.0,1.0,0.0,0.0,0.0,0.0,0.0,2.0,2.0,0.0,0.0,1.0
0.0,2.0,0.0,0.0,0.0,0.0,0.0,1.0,2.0,0.0,1.0,1.0
0.0,1.0,0.0,0.0,0.0,0.0,0.0,1.0,2.0,0.0,1.0,2.0
0.0,2.0,0.0,0.0,0.0,0.0,0.0,1.0,2.0,0.0,0.0,1.0
0.0,2.0,0.0,0.0,0.0,0.0,0.0,1.0,2.0,0.0,1.0,1.0
0.0,1.0,1.0,1.0,1.0,3.0,1.0,2.0,1.0,0.0,0.0,1.0
1.0,1.0,1.0,0.0,0.0,1.0,1.0,1.0,1.0,0.0,0.0,1.0
1.0,1.0,1.0,0.0,0.0,1.0,1.0,1.0,1.0,0.0,0.0,1.0
1.0,1.0,1.0,0.0,0.0,1.0,1.0,1.0,1.0,0.0,0.0,1.0
0.0,1.0,0.0,0.0,0.0,0.0,0.0,1.0,1.0,0.0,1.0,1.0
0.0,1.0,0.0,0.0,0.0,0.0,0.0,1.0,1.0,0.0,1.0,1.0
0.0,1.0,0.0,0.0,0.0,0.0,0.0,1.0,1.0,0.0,1.0,1.0
0.0,1.0,0.0,0.0,0.0,1.0,0.0,1.0,2.0,1.0,1.0,1.0
0.0,0.0,2.0,0.0,0.0,1.0,0.0,1.0,1.0,0.0,1.0,1.0
0.0,1.0,0.0,0.0,0.0,0.0,0.0,1.0,1.0,0.0,1.0,1.0
0.0,1.0,0.0,0.0,0.0,1.0,0.0,1.0,1.0,0.0,0.0,1.0
0.0,1.0,0.0,0.0,0.0,0.0,0.0,1.0,2.0,0.0,1.0,1.0
0.0,0.0,2.0,0.0,1.0,1.0,0.0,0.0,1.0,1.0,2.0,1.0
0.0,0.0,0.0,0.0,0.0,0.0,0.0,1.0,2.0,0.0,1.0,1.0
0.0,1.0,1.0,0.0,0.0,1.0,1.0,1.0,1.0,0.0,0.0,1.0
0.0,1.0,0.0,0.0,0.0,0.0,0.0,1.0,2.0,0.0,2.0,1.0
0.0,0.0,3.0,3.0,0.0,1.0,1.0,1.0,2.0,0.0,1.0,1.0
1.0,1.0,1.0,0.0,0.0,0.0,0.0,1.0,1.0,0.0,2.0,1.0
1.0,0.0,2.0,0.0,0.0,0.0,0.0,1.0,1.0,1.0,1.0,1.0
0.0,1.0,0.0,1.0,0.0,0.0,0.0,1.0,2.0,0.0,2.0,1.0
0.0,1.0,0.0,0.0,0.0,0.0,0.0,1.0,2.0,0.0,1.0,1.0
0.0,1.0,0.0,0.0,0.0,1.0,0.0,1.0,2.0,0.0,1.0,1.0
0.0,0.0,1.0,0.0,0.0,0.0,0.0,1.0,1.0,0.0,2.0,1.0
0.0,1.0,0.0,0.0,0.0,1.0,0.0,1.0,2.0,0.0,1.0,1.0
0.0,1.0,0.0,0.0,0.0,0.0,0.0,1.0,2.0,0.0,2.0,1.0
0.0,0.0,1.0,0.0,0.0,1.0,1.0,1.0,1.0,0.0,0.0,1.0
0.0,0.0,1.0,0.0,0.0,1.0,0.0,1.0,1.0,1.0,1.0,2.0
0.0,0.0,1.0,0.0,0.0,1.0,0.0,1.0,1.0,1.0,1.0,1.0
1.0,0.0,1.0,0.0,0.0,1.0,0.0,1.0,1.0,1.0,1.0,1.0
0.0,1.0,0.0,0.0,0.0,0.0,0.0,1.0,2.0,0.0,1.0,1.0
0.0,1.0,1.0,0.0,0.0,1.0,1.0,1.0,1.0,1.0,2.0,1.0
0.0,1.0,0.0,1.0,0.0,1.0,1.0,2.0,1.0,0.0,0.0,1.0
0.0,1.0,0.0,0.0,0.0,1.0,0.0,0.0,1.0,1.0,1.0,1.0
0.0,1.0,0.0,0.0,0.0,0.0,0.0,1.0,2.0,0.0,1.0,1.0
0.0,1.0,0.0,0.0,0.0,1.0,0.0,1.0,2.0,1.0,1.0,1.0
0.0,1.0,0.0,0.0,0.0,1.0,0.0,1.0,2.0,1.0,0.0,1.0
0.0,1.0,0.0,0.0,0.0,1.0,0.0,1.0,2.0,0.0,1.0,1.0
0.0,1.0,0.0,0.0,0.0,2.0,0.0,1.0,2.0,1.0,1.0,1.0
0.0,1.0,0.0,0.0,0.0,1.0,0.0,1.0,2.0,1.0,1.0,1.0
0.0,1.0,0.0,0.0,0.0,1.0,0.0,1.0,2.0,0.0,1.0,1.0
0.0,0.0,1.0,0.0,0.0,0.0,0.0,1.0,2.0,0.0,1.0,1.0
